Workbook
Name PORTAFOGLIO_VENDITECOD: '[1]PORTAFOGLIO VEN §'!$A:$A

Sheet CRITICITA
A3: Etichette di riga
A4: -18° SAS
A5: BARATTI & MILANO SRL
A6: C.D.T. TOMARCHIO SRL
A7: COMPRITAL SPA
A8: DISARONNO INGREDIENTS S.P.A.
A9: ESKIGEL S.R.L.
A10: FABBRI 1905 SPA
A11: FASSI ISTITUTO BIOFARMACEUTICO SPA
A12: FRANCIACORTA CREME S.P.A.
A13: FRONERI ICE CREAM DEUTSCHLAND GMBH
A14: GLACES DES ALPES
... A33: Totale complessivo

Sheet Vettori
A1: Desc. vett. | B1: (più elementi)
A3: _Qta/kg da ev. | B3: _
A4: Etichette di riga | B4: 4 | C4: 8
A5: -18° SAS | C5: 2400
A6: BARATTI & MILANO SRL | C6: 4072
A7: C.D.T. TOMARCHIO SRL | C7: 150
A8: COMPRITAL SPA | C8: 800.7
A9: DISARONNO INGREDIENTS S.P.A. | C9: 7980
A10: ESKIGEL S.R.L. | C10: 3140
A11: FABBRI 1905 SPA | C11: 500.5
A12: FASSI ISTITUTO BIOFARMACEUTICO SPA | C12: 50
A13: FRANCIACORTA CREME S.P.A. | C13: 5000
A14: FRONERI ICE CREAM DEUTSCHLAND GMBH | C14: 6000
A15: GLACES DES ALPES | C15: 2.5
A16: LINDT & SPRÜNGLI S.p.A. | C16: 275
... A18: POLE SUD | C18: 1640
A19: PRE GEL SPA | B19: 1000 | C19: 100
A20: SAMMONTANA SPA Società Benefit | C20: 45984
A21: SIGEL GELATI S.R.L. | C21: 1280
A22: UNIGRA S.p.A | C22: 12401
A23: UNILEVER EUROPE B.V. | C23: 1280
A24: ELAH DUFOUR S.P.A. | C24: 6400
A25: LA SUISSA S.R.L. | C25: 5440.5
A26: MENZ&GASSER SPA | B26: 11441
A27: HANSENS FLODEIS | C27: 400
A28: GLACES DE BOURBON | C28: 500
A29: SN SOPROGLACES | C29: 2500
A30: NUTKAO S.R.L. | C30: 20000
A31: S.I.P.A. SPA | C31: 3380
A32: GOLOSI DI SALUTE SRL | C32: 2500

Sheet piano consegne
A3: Qta/kg da ev | B3: Etichette di colonna
A4: Etichette di riga | B4: 46037 | C4: 45996 | D4: 45992 | E4: 45971 | F4: Totale complessivo
A5: -18° SAS | B5: 1200 | F5: 1200
A6: LA SUISSA S.R.L. | C6: 2577.5 | F6: 2577.5
A7: GLACES DE BOURBON | D7: 500 | F7: 500
A8: AUSTRALIANSIAN FOOD GROUP TRADING AS ICE PETERS ICE CREAM | E8: 160 | F8: 160
A9: Totale complessivo | B9: 1200 | C9: 2577.5 | D9: 500 | E9: 160 | F9: 4437.5

Sheet appmerce_db
A1: Sel. | B1: Progr. | C1: Nr. ord. | D1: Ser. | E1: Data ordine | F1: Cod. | G1: Ragione sociale | H1: Articolo | I1: Cod. Cliente | J1: Descrizione art. cliente | K1: Qta/kg OV | L1: Qta/kg evasa | M1: Qta/kg da ev. | N1: Data sped. utile | O1: Data cons. rich. | P1: Desc. vett. | Q1: T-MIN | R1: T-MAX | S1: CONF | T1: Stato ordine | U1: Desc. Porto | V1: Desc Tipo Sp | W1: Descrizione | X1: Citta' | Y1: Gruppo | Z1: Descrizione famiglia | AA1: Sottofamigli | AB1: Descrizione sottofam | AC1: Famiglia | AD1: Gruppo | AE1: Desc gr/sgru | AF1: TIP.PROD. | AG1: Des.inf.stat | AH1: Codice vettore | AI1: Dt. Scad. | AJ1: Num Vs Ord | AK1: Data scadenza Contratto | AL1: Estero | AM1: CAP | AN1: giorno ritiro 1 | AO1: giorno ritiro 2 | AP1: resa | AQ1: Num DOC | AR1: provenienza | AS1: P/C | AT1: tot Pallet | AU1: giorno | AV1: No settimana | AW1: Check Data sped. utile | AX1: Check Data cons. rich. | AY1: Check Desc Tipo Sp | AZ1: Check Citta' | BA1: Check su data presa vettore | BB1: CHK GEN
A2: S | B2: 1 | C2: 557 | D2: 800 | E2: 45964 | F2: 58 | G2: ELAH DUFOUR S.P.A. | H2: MSGTT3436/G21 | I2: 21906/ G21 | J2: MANDORLE SGUSCIATE TOSTATE CAL. 34/36 QUAL. TUONO | K2: 6400 | M2: 6400 | O2: 45991 | P2: TRASPORTI RECUPERO SRL | Q2: 8 | R2: 10 | S2: G21 | T2: Non evaso | U2: DDP | V2: VETTORE | W2: ELAH DUFOUR S.P.A. | X2: 15067 NOVI LIGURE (AL) | Y2: 5 | Z2: MANDORLE | AA2: 978 | AB2: SGUSCIATE TOSTATE | AC2: 180 | AD2: 5 | AE2: PRODOTTI DI BARTOLO | AF2: 1 | AG2: PRODOTTO FINITO | AH2: 70 | AJ2: OA-25-3199 | AK2: 45981 | AL2: No | AM2: 1 | AQ2: =_xlfn.CONCAT(C2,"/",D2) -> 557/800 | AR2: =IF(D2=0,"DA CONTRATTO","SPOT") -> SPOT | AS2: =IF(AD2=5,"P","C") -> P | AT2: =VLOOKUP(S2,'FILE PALLETTIZZAZIONI DB SRL'!B:H,5,FALSE) -> 2 | AU2: =TEXT(N2,"gggg") -> sabato | AV2: =WEEKNUM(N2) -> 0 | AW2: =IF(AND(ISBLANK(N2),AS2="P"), "ATTENZIONE: Data produzione non pianificata", IF(AND(ISBLANK(N2),AS2="C"), "ATTENZIONE: Data arrivo merce acquisti non presente", IF(O2-N2>=AP2, "Data sped. utile INSERITA", "ATTENZIONE: GG. resa non adeguati"))) -> ATTENZIONE: Data produzione non pianificata | AX2: =IF(ISBLANK(O2), "ATTENZIONE: Data non inserita", IF(O2<=param!B2, "ATTENZIONE: Ritardo, Avvertire il cliente", "Data cons. rich. INSERITA")) -> Data cons. rich. INSERITA | AY2: =IF(OR(ISBLANK(AP2),ISBLANK(AH2)), "ATTENZIONE: Vettore non associato", IF(V2="VETTORE", "Tipo spedizione: VETTORE", IF(V2="DESTINATARIO", "Tipo spedizione: DESTINATARIO", IF(ISBLANK(V2), "ATTENZIONE: Vettore vuoto", "?")))) -> ATTENZIONE: Vettore non associato | AZ2: =IF(AM2=1, "Città OK", "ATTENZIONE: CAP non presente") -> Città OK | BA2: ATTENZIONE: Giorno congruo presa vettore | BB2: =_xlfn.CONCAT(AW2," - ",AX2," - ",AY2," - ",AZ2," - ","Data: ",BA2) -> ATTENZIONE: Data produzione non pianificata - Data cons. rich. INSERITA - ATTENZIONE: Vettore non associato - Città OK - Data: ATTENZIONE: Giorno congruo presa vettore
A3: S | B3: 2 | C3: 802 | D3: 0 | E3: 45975 | F3: 64 | G3: BARATTI & MILANO SRL | H3: GRPP40224/GP22 | I3: B21924/GP22 | J3: GRANELLA DI PISTACCHI PRALINATA ARTIG. 407 CAL.2/4 | K3: 3072 | M3: 3072 | O3: 46001 | P3: TRASPORTI RECUPERO SRL | Q3: 8 | R3: 10 | S3: GP22 | T3: Non evaso | U3: DDP | V3: VETTORE | W3: BARATTI & MILANO SRL | X3: 12042 BRA CN | Y3: 5 | Z3: GRANELLE PRALINATE | AA3: 216 | AB3: PISTACCHI | AC3: 125 | AD3: 5 | AE3: PRODOTTI DI BARTOLO | AF3: 1 | AG3: PRODOTTO FINITO | AH3: 70 | AJ3: 802/OP | AL3: No | AM3: 1 | AQ3: =_xlfn.CONCAT(C3,"/",D3) -> 802/0 | AR3: =IF(D3=0,"DA CONTRATTO","SPOT") -> DA CONTRATTO | AS3: =IF(AD3=5,"P","C") -> P | AT3: =VLOOKUP(S3,'FILE PALLETTIZZAZIONI DB SRL'!B:H,5,FALSE) -> 2 | AU3: =TEXT(N3,"gggg") -> sabato | AV3: =WEEKNUM(N3) -> 0 | AW3: =IF(AND(ISBLANK(N3),AS3="P"), "ATTENZIONE: Data produzione non pianificata", IF(AND(ISBLANK(N3),AS3="C"), "ATTENZIONE: Data arrivo merce acquisti non presente", IF(O3-N3>=AP3, "Data sped. utile INSERITA", "ATTENZIONE: GG. resa non adeguati"))) -> ATTENZIONE: Data produzione non pianificata | AX3: =IF(ISBLANK(O3), "ATTENZIONE: Data non inserita", IF(O3<=param!B2, "ATTENZIONE: Ritardo, Avvertire il cliente", "Data cons. rich. INSERITA")) -> Data cons. rich. INSERITA | AY3: =IF(OR(ISBLANK(AP3),ISBLANK(AH3)), "ATTENZIONE: Vettore non associato", IF(V3="VETTORE", "Tipo spedizione: VETTORE", IF(V3="DESTINATARIO", "Tipo spedizione: DESTINATARIO", IF(ISBLANK(V3), "ATTENZIONE: Vettore vuoto", "?")))) -> ATTENZIONE: Vettore non associato | AZ3: =IF(AM3=1, "Città OK", "ATTENZIONE: CAP non presente") -> Città OK | BA3: ATTENZIONE: Giorno congruo presa vettore | BB3: =_xlfn.CONCAT(AW3," - ",AX3," - ",AY3," - ",AZ3," - ","Data: ",BA3) -> ATTENZIONE: Data produzione non pianificata - Data cons. rich. INSERITA - ATTENZIONE: Vettore non associato - Città OK - Data: ATTENZIONE: Giorno congruo presa vettore
A4: S | B4: 3 | C4: 563 | D4: 800 | E4: 45972 | F4: 64 | G4: BARATTI & MILANO SRL | H4: PMPT2071/P11 | I4: B21905/P11 | J4: PASTA DI MANDORLE PELATE TOSTATE B21905 | K4: 1000 | M4: 1000 | O4: 46001 | P4: RUSTICO BRUNO | Q4: 8 | R4: 10 | S4: P11 | T4: Non evaso | U4: DDP | V4: VETTORE | W4: BARATTI & MILANO SRL | X4: 12042 BRA CN | Y4: 5 | Z4: PASTE | AA4: 213 | AB4: MANDORLE | AC4: 235 | AD4: 5 | AE4: PRODOTTI DI BARTOLO | AF4: 1 | AG4: PRODOTTO FINITO | AH4: 1 | AJ4: 563/OP | AK4: 45982 | AL4: No | AM4: 1 | AN4: martedì | AO4: venerdì | AP4: 5 | AQ4: =_xlfn.CONCAT(C4,"/",D4) -> 563/800 | AR4: =IF(D4=0,"DA CONTRATTO","SPOT") -> SPOT | AS4: =IF(AD4=5,"P","C") -> P | AT4: =VLOOKUP(S4,'FILE PALLETTIZZAZIONI DB SRL'!B:H,5,FALSE) -> 2 | AU4: =TEXT(N4,"gggg") -> sabato | AV4: =WEEKNUM(N4) -> 0 | AW4: =IF(AND(ISBLANK(N4),AS4="P"), "ATTENZIONE: Data produzione non pianificata", IF(AND(ISBLANK(N4),AS4="C"), "ATTENZIONE: Data arrivo merce acquisti non presente", IF(O4-N4>=AP4, "Data sped. utile INSERITA", "ATTENZIONE: GG. resa non adeguati"))) -> ATTENZIONE: Data produzione non pianificata | AX4: =IF(ISBLANK(O4), "ATTENZIONE: Data non inserita", IF(O4<=param!B2, "ATTENZIONE: Ritardo, Avvertire il cliente", "Data cons. rich. INSERITA")) -> Data cons. rich. INSERITA | AY4: =IF(OR(ISBLANK(AP4),ISBLANK(AH4)), "ATTENZIONE: Vettore non associato", IF(V4="VETTORE", "Tipo spedizione: VETTORE", IF(V4="DESTINATARIO", "Tipo spedizione: DESTINATARIO", IF(ISBLANK(V4), "ATTENZIONE: Vettore vuoto", "?")))) -> Tipo spedizione: VETTORE | AZ4: =IF(AM4=1, "Città OK", "ATTENZIONE: CAP non presente") -> Città OK | BA4: ATTENZIONE: Giorno congruo presa vettore | BB4: =_xlfn.CONCAT(AW4," - ",AX4," - ",AY4," - ",AZ4," - ","Data: ",BA4) -> ATTENZIONE: Data produzione non pianificata - Data cons. rich. INSERITA - Tipo spedizione: VETTORE - Città OK - Data: ATTENZIONE: Giorno congruo presa vettore
A5: S | B5: 4 | C5: 244 | D5: 0 | E5: 45713 | F5: 113 | G5: SIGEL GELATI S.R.L. | H5: MPMPT212/CT20 | I5: MPT212/CT20 | J5: MANDORLE PELATE TOSTATE CAL. 34/36 | K5: 640 | M5: 640 | P5: RUSTICO BRUNO | Q5: 8 | R5: 10 | S5: CT20 | T5: Non evaso | U5: DDP | V5: VETTORE | W5: SIGEL GELATI S.R.L. | X5: 91025 MARSALA TP | Y5: 4 | Z5: MANDORLE | AA5: 830 | AB5: PELATE TOSTATE | AC5: 180 | AD5: 4 | AE5: PRODOTTI COMMERCIALIZZATI | AF5: 1 | AG5: PRODOTTO FINITO | AH5: 1 | AJ5: EMAIL 11/02/25 | AL5: No | AM5: 1 | AN5: martedì | AO5: venerdì | AP5: 5 | AQ5: =_xlfn.CONCAT(C5,"/",D5) -> 244/0 | AR5: =IF(D5=0,"DA CONTRATTO","SPOT") -> DA CONTRATTO | AS5: =IF(AD5=5,"P","C") -> C | AT5: =VLOOKUP(S5,'FILE PALLETTIZZAZIONI DB SRL'!B:H,5,FALSE) -> 1 | AU5: =TEXT(N5,"gggg") -> sabato | AV5: =WEEKNUM(N5) -> 0 | AW5: =IF(AND(ISBLANK(N5),AS5="P"), "ATTENZIONE: Data produzione non pianificata", IF(AND(ISBLANK(N5),AS5="C"), "ATTENZIONE: Data arrivo merce acquisti non presente", IF(O5-N5>=AP5, "Data sped. utile INSERITA", "ATTENZIONE: GG. resa non adeguati"))) -> ATTENZIONE: Data arrivo merce acquisti non presente | AX5: =IF(ISBLANK(O5), "ATTENZIONE: Data non inserita", IF(O5<=param!B2, "ATTENZIONE: Ritardo, Avvertire il cliente", "Data cons. rich. INSERITA")) -> ATTENZIONE: Data non inserita | AY5: =IF(OR(ISBLANK(AP5),ISBLANK(AH5)), "ATTENZIONE: Vettore non associato", IF(V5="VETTORE", "Tipo spedizione: VETTORE", IF(V5="DESTINATARIO", "Tipo spedizione: DESTINATARIO", IF(ISBLANK(V5), "ATTENZIONE: Vettore vuoto", "?")))) -> Tipo spedizione: VETTORE | AZ5: =IF(AM5=1, "Città OK", "ATTENZIONE: CAP non presente") -> Città OK | BA5: ATTENZIONE: Giorno congruo presa vettore | BB5: =_xlfn.CONCAT(AW5," - ",AX5," - ",AY5," - ",AZ5," - ","Data: ",BA5) -> ATTENZIONE: Data arrivo merce acquisti non presente - ATTENZIONE: Data non inserita - Tipo spedizione: VETTORE - Città OK - Data: ATTENZIONE: Giorno congruo presa vettore
A6: S | B6: 5 | C6: 266 | D6: 0 | E6: 45715 | F6: 113 | G6: SIGEL GELATI S.R.L. | H6: MPMPT212/CT20 | I6: MPT212/CT20 | J6: MANDORLE PELATE TOSTATE CAL. 34/36 | K6: 640 | M6: 640 | P6: RUSTICO BRUNO | Q6: 8 | R6: 10 | S6: CT20 | T6: Non evaso | U6: DDP | V6: VETTORE | W6: SIGEL GELATI S.R.L. | X6: 91025 MARSALA TP | Y6: 4 | Z6: MANDORLE | AA6: 830 | AB6: PELATE TOSTATE | AC6: 180 | AD6: 4 | AE6: PRODOTTI COMMERCIALIZZATI | AF6: 1 | AG6: PRODOTTO FINITO | AH6: 1 | AJ6: EMAIL 11/02/25 | AL6: No | AM6: 1 | AN6: martedì | AO6: venerdì | AP6: 5 | AQ6: =_xlfn.CONCAT(C6,"/",D6) -> 266/0 | AR6: =IF(D6=0,"DA CONTRATTO","SPOT") -> DA CONTRATTO | AS6: =IF(AD6=5,"P","C") -> C | AT6: =VLOOKUP(S6,'FILE PALLETTIZZAZIONI DB SRL'!B:H,5,FALSE) -> 1 | AU6: =TEXT(N6,"gggg") -> sabato | AV6: =WEEKNUM(N6) -> 0 | AW6: =IF(AND(ISBLANK(N6),AS6="P"), "ATTENZIONE: Data produzione non pianificata", IF(AND(ISBLANK(N6),AS6="C"), "ATTENZIONE: Data arrivo merce acquisti non presente", IF(O6-N6>=AP6, "Data sped. utile INSERITA", "ATTENZIONE: GG. resa non adeguati"))) -> ATTENZIONE: Data arrivo merce acquisti non presente | AX6: =IF(ISBLANK(O6), "ATTENZIONE: Data non inserita", IF(O6<=param!B2, "ATTENZIONE: Ritardo, Avvertire il cliente", "Data cons. rich. INSERITA")) -> ATTENZIONE: Data non inserita | AY6: =IF(OR(ISBLANK(AP6),ISBLANK(AH6)), "ATTENZIONE: Vettore non associato", IF(V6="VETTORE", "Tipo spedizione: VETTORE", IF(V6="DESTINATARIO", "Tipo spedizione: DESTINATARIO", IF(ISBLANK(V6), "ATTENZIONE: Vettore vuoto", "?")))) -> Tipo spedizione: VETTORE | AZ6: =IF(AM6=1, "Città OK", "ATTENZIONE: CAP non presente") -> Città OK | BA6: ATTENZIONE: Giorno congruo presa vettore | BB6: =_xlfn.CONCAT(AW6," - ",AX6," - ",AY6," - ",AZ6," - ","Data: ",BA6) -> ATTENZIONE: Data arrivo merce acquisti non presente - ATTENZIONE: Data non inserita - Tipo spedizione: VETTORE - Città OK - Data: ATTENZIONE: Giorno congruo presa vettore
A7: S | B7: 6 | C7: 768 | D7: 0 | E7: 45958 | F7: 284 | G7: LA SUISSA S.R.L. | H7: MPGRMPT50625SAL/B500 | I7: AFR753010/B500 | J7: Granella di Mandorle Pel Tost Sal E Grande | K7: 0.5 | M7: 0.5 | O7: 45980 | P7: TRASPORTI RECUPERO SRL | Q7: 8 | R7: 10 | S7: BSV500 | T7: Evaso parzialmente | U7: DDP | V7: VETTORE | W7: LA SUISSA | X7: 15061 ARQUATA SCRIVIA | Y7: 4 | Z7: GRANELLE | AA7: 199 | AB7: MANDORLE PELATE TOSTATE | AC7: 120 | AD7: 4 | AE7: PRODOTTI COMMERCIALIZZATI | AF7: 1 | AG7: PRODOTTO FINITO | AH7: 70 | AJ7: LCO2501058 | AL7: No | AM7: 1 | AQ7: =_xlfn.CONCAT(C7,"/",D7) -> 768/0 | AR7: =IF(D7=0,"DA CONTRATTO","SPOT") -> DA CONTRATTO | AS7: =IF(AD7=5,"P","C") -> C | AT7: =VLOOKUP(S7,'FILE PALLETTIZZAZIONI DB SRL'!B:H,5,FALSE) -> #N/A | AU7: =TEXT(N7,"gggg") -> sabato | AV7: =WEEKNUM(N7) -> 0 | AW7: =IF(AND(ISBLANK(N7),AS7="P"), "ATTENZIONE: Data produzione non pianificata", IF(AND(ISBLANK(N7),AS7="C"), "ATTENZIONE: Data arrivo merce acquisti non presente", IF(O7-N7>=AP7, "Data sped. utile INSERITA", "ATTENZIONE: GG. resa non adeguati"))) -> ATTENZIONE: Data arrivo merce acquisti non presente | AX7: =IF(ISBLANK(O7), "ATTENZIONE: Data non inserita", IF(O7<=param!B2, "ATTENZIONE: Ritardo, Avvertire il cliente", "Data cons. rich. INSERITA")) -> Data cons. rich. INSERITA | AY7: =IF(OR(ISBLANK(AP7),ISBLANK(AH7)), "ATTENZIONE: Vettore non associato", IF(V7="VETTORE", "Tipo spedizione: VETTORE", IF(V7="DESTINATARIO", "Tipo spedizione: DESTINATARIO", IF(ISBLANK(V7), "ATTENZIONE: Vettore vuoto", "?")))) -> ATTENZIONE: Vettore non associato | AZ7: =IF(AM7=1, "Città OK", "ATTENZIONE: CAP non presente") -> Città OK | BA7: ATTENZIONE: Giorno congruo presa vettore | BB7: =_xlfn.CONCAT(AW7," - ",AX7," - ",AY7," - ",AZ7," - ","Data: ",BA7) -> ATTENZIONE: Data arrivo merce acquisti non presente - Data cons. rich. INSERITA - ATTENZIONE: Vettore non associato - Città OK - Data: ATTENZIONE: Giorno congruo presa vettore
A8: S | B8: 7 | C8: 770 | D8: 0 | E8: 45958 | F8: 284 | G8: LA SUISSA S.R.L. | H8: MPGRMPT50825SAL/G21 | I8: AFR753110/G21 | J8: Granella di Mandorle Pel. Tostate Salate IT Grande | K8: 640 | L8: 340 | M8: 300 | O8: 45986 | P8: CURRO' TRASPORTI SRL | Q8: 8 | R8: 10 | S8: G21 | T8: Evaso parzialmente | U8: DDP | V8: VETTORE | W8: LA SUISSA | X8: 15061 ARQUATA SCRIVIA | Y8: 4 | Z8: GRANELLE | AA8: 199 | AB8: MANDORLE PELATE TOSTATE | AC8: 120 | AD8: 4 | AE8: PRODOTTI COMMERCIALIZZATI | AF8: 1 | AG8: PRODOTTO FINITO | AH8: 2 | AJ8: LCO2501060 | AL8: No | AM8: 1 | AQ8: =_xlfn.CONCAT(C8,"/",D8) -> 770/0 | AR8: =IF(D8=0,"DA CONTRATTO","SPOT") -> DA CONTRATTO | AS8: =IF(AD8=5,"P","C") -> C | AT8: =VLOOKUP(S8,'FILE PALLETTIZZAZIONI DB SRL'!B:H,5,FALSE) -> 2 | AU8: =TEXT(N8,"gggg") -> sabato | AV8: =WEEKNUM(N8) -> 0 | AW8: =IF(AND(ISBLANK(N8),AS8="P"), "ATTENZIONE: Data produzione non pianificata", IF(AND(ISBLANK(N8),AS8="C"), "ATTENZIONE: Data arrivo merce acquisti non presente", IF(O8-N8>=AP8, "Data sped. utile INSERITA", "ATTENZIONE: GG. resa non adeguati"))) -> ATTENZIONE: Data arrivo merce acquisti non presente | AX8: =IF(ISBLANK(O8), "ATTENZIONE: Data non inserita", IF(O8<=param!B2, "ATTENZIONE: Ritardo, Avvertire il cliente", "Data cons. rich. INSERITA")) -> Data cons. rich. INSERITA | AY8: =IF(OR(ISBLANK(AP8),ISBLANK(AH8)), "ATTENZIONE: Vettore non associato", IF(V8="VETTORE", "Tipo spedizione: VETTORE", IF(V8="DESTINATARIO", "Tipo spedizione: DESTINATARIO", IF(ISBLANK(V8), "ATTENZIONE: Vettore vuoto", "?")))) -> ATTENZIONE: Vettore non associato | AZ8: =IF(AM8=1, "Città OK", "ATTENZIONE: CAP non presente") -> Città OK | BA8: ATTENZIONE: Giorno congruo presa vettore | BB8: =_xlfn.CONCAT(AW8," - ",AX8," - ",AY8," - ",AZ8," - ","Data: ",BA8) -> ATTENZIONE: Data arrivo merce acquisti non presente - Data cons. rich. INSERITA - ATTENZIONE: Vettore non associato - Città OK - Data: ATTENZIONE: Giorno congruo presa vettore
A9: S | B9: 8 | C9: 770 | D9: 0 | E9: 45958 | F9: 284 | G9: LA SUISSA S.R.L. | H9: MPGRMPT50825SAL/B500 | I9: AFR753110/BSV500 | J9: Granella di Mandorle Pel. Tostate Salate IT Grande | K9: 0.5 | M9: 0.5 | O9: 45986 | P9: CURRO' TRASPORTI SRL | Q9: 8 | R9: 10 | S9: BSV500 | T9: Evaso parzialmente | U9: DDP | V9: VETTORE | W9: LA SUISSA | X9: 15061 ARQUATA SCRIVIA | Y9: 4 | Z9: GRANELLE | AA9: 199 | AB9: MANDORLE PELATE TOSTATE | AC9: 120 | AD9: 4 | AE9: PRODOTTI COMMERCIALIZZATI | AF9: 1 | AG9: PRODOTTO FINITO | AH9: 2 | AJ9: LCO2501060 | AL9: No | AM9: 1 | AQ9: =_xlfn.CONCAT(C9,"/",D9) -> 770/0 | AR9: =IF(D9=0,"DA CONTRATTO","SPOT") -> DA CONTRATTO | AS9: =IF(AD9=5,"P","C") -> C | AT9: =VLOOKUP(S9,'FILE PALLETTIZZAZIONI DB SRL'!B:H,5,FALSE) -> #N/A | AU9: =TEXT(N9,"gggg") -> sabato | AV9: =WEEKNUM(N9) -> 0 | AW9: =IF(AND(ISBLANK(N9),AS9="P"), "ATTENZIONE: Data produzione non pianificata", IF(AND(ISBLANK(N9),AS9="C"), "ATTENZIONE: Data arrivo merce acquisti non presente", IF(O9-N9>=AP9, "Data sped. utile INSERITA", "ATTENZIONE: GG. resa non adeguati"))) -> ATTENZIONE: Data arrivo merce acquisti non presente | AX9: =IF(ISBLANK(O9), "ATTENZIONE: Data non inserita", IF(O9<=param!B2, "ATTENZIONE: Ritardo, Avvertire il cliente", "Data cons. rich. INSERITA")) -> Data cons. rich. INSERITA | AY9: =IF(OR(ISBLANK(AP9),ISBLANK(AH9)), "ATTENZIONE: Vettore non associato", IF(V9="VETTORE", "Tipo spedizione: VETTORE", IF(V9="DESTINATARIO", "Tipo spedizione: DESTINATARIO", IF(ISBLANK(V9), "ATTENZIONE: Vettore vuoto", "?")))) -> ATTENZIONE: Vettore non associato | AZ9: =IF(AM9=1, "Città OK", "ATTENZIONE: CAP non presente") -> Città OK | BA9: ATTENZIONE: Giorno congruo presa vettore | BB9: =_xlfn.CONCAT(AW9," - ",AX9," - ",AY9," - ",AZ9," - ","Data: ",BA9) -> ATTENZIONE: Data arrivo merce acquisti non presente - Data cons. rich. INSERITA - ATTENZIONE: Vettore non associato - Città OK - Data: ATTENZIONE: Giorno congruo presa vettore
A10: S | B10: 9 | C10: 796 | D10: 0 | E10: 45972 | F10: 284 | G10: LA SUISSA S.R.L. | H10: GRPM41368/GP22 | I10: AFR753112/GP22 | J10: GRANELLA DI MANDORLA SGUSCIATE PRALINATE 6-8 MM | K10: 1296 | M10: 1296 | N10: 45996 | O10: 46003 | P10: RUSTICO BRUNO | Q10: 8 | R10: 10 | S10: GP22 | T10: Non evaso | U10: DDP | V10: VETTORE | W10: LA SUISSA | X10: 15061 ARQUATA SCRIVIA | Y10: 5 | Z10: GRANELLE PRALINATE | AA10: 213 | AB10: MANDORLE | AC10: 125 | AD10: 5 | AE10: PRODOTTI DI BARTOLO | AF10: 1 | AG10: PRODOTTO FINITO | AH10: 1 | AJ10: LCO2501152 | AL10: No | AM10: 1 | AN10: martedì | AO10: venerdì | AP10: 5 | AQ10: =_xlfn.CONCAT(C10,"/",D10) -> 796/0 | AR10: =IF(D10=0,"DA CONTRATTO","SPOT") -> DA CONTRATTO | AS10: =IF(AD10=5,"P","C") -> P | AT10: =VLOOKUP(S10,'FILE PALLETTIZZAZIONI DB SRL'!B:H,5,FALSE) -> 2 | AU10: =TEXT(N10,"gggg") -> venerdì | AV10: =WEEKNUM(N10) -> 49 | AW10: =IF(AND(ISBLANK(N10),AS10="P"), "ATTENZIONE: Data produzione non pianificata", IF(AND(ISBLANK(N10),AS10="C"), "ATTENZIONE: Data arrivo merce acquisti non presente", IF(O10-N10>=AP10, "Data sped. utile INSERITA", "ATTENZIONE: GG. resa non adeguati"))) -> Data sped. utile INSERITA | AX10: =IF(ISBLANK(O10), "ATTENZIONE: Data non inserita", IF(O10<=param!B2, "ATTENZIONE: Ritardo, Avvertire il cliente", "Data cons. rich. INSERITA")) -> Data cons. rich. INSERITA | AY10: =IF(OR(ISBLANK(AP10),ISBLANK(AH10)), "ATTENZIONE: Vettore non associato", IF(V10="VETTORE", "Tipo spedizione: VETTORE", IF(V10="DESTINATARIO", "Tipo spedizione: DESTINATARIO", IF(ISBLANK(V10), "ATTENZIONE: Vettore vuoto", "?")))) -> Tipo spedizione: VETTORE | AZ10: =IF(AM10=1, "Città OK", "ATTENZIONE: CAP non presente") -> Città OK | BA10: OK | BB10: =_xlfn.CONCAT(AW10," - ",AX10," - ",AY10," - ",AZ10," - ","Data: ",BA10) -> Data sped. utile INSERITA - Data cons. rich. INSERITA - Tipo spedizione: VETTORE - Città OK - Data: OK
A11: S | B11: 10 | C11: 796 | D11: 0 | E11: 45972 | F11: 284 | G11: LA SUISSA S.R.L. | H11: GRPM41368/BSV500 | I11: AFR753112/BSV500 | J11: GRANELLA DI MANDORLA SGUSCIATE PRALINATE 6-8 MM | K11: 0.5 | M11: 0.5 | N11: 45996 | O11: 46003 | P11: RUSTICO BRUNO | Q11: 8 | R11: 10 | S11: BSV500 | T11: Non evaso | U11: DDP | V11: VETTORE | W11: LA SUISSA | X11: 15061 ARQUATA SCRIVIA | Y11: 5 | Z11: GRANELLE PRALINATE | AA11: 213 | AB11: MANDORLE | AC11: 125 | AD11: 5 | AE11: PRODOTTI DI BARTOLO | AF11: 1 | AG11: PRODOTTO FINITO | AH11: 1 | AJ11: LCO2501152 | AL11: No | AM11: 1 | AN11: martedì | AO11: venerdì | AP11: 5 | AQ11: =_xlfn.CONCAT(C11,"/",D11) -> 796/0 | AR11: =IF(D11=0,"DA CONTRATTO","SPOT") -> DA CONTRATTO | AS11: =IF(AD11=5,"P","C") -> P | AT11: =VLOOKUP(S11,'FILE PALLETTIZZAZIONI DB SRL'!B:H,5,FALSE) -> #N/A | AU11: =TEXT(N11,"gggg") -> venerdì | AV11: =WEEKNUM(N11) -> 49 | AW11: =IF(AND(ISBLANK(N11),AS11="P"), "ATTENZIONE: Data produzione non pianificata", IF(AND(ISBLANK(N11),AS11="C"), "ATTENZIONE: Data arrivo merce acquisti non presente", IF(O11-N11>=AP11, "Data sped. utile INSERITA", "ATTENZIONE: GG. resa non adeguati"))) -> Data sped. utile INSERITA | AX11: =IF(ISBLANK(O11), "ATTENZIONE: Data non inserita", IF(O11<=param!B2, "ATTENZIONE: Ritardo, Avvertire il cliente", "Data cons. rich. INSERITA")) -> Data cons. rich. INSERITA | AY11: =IF(OR(ISBLANK(AP11),ISBLANK(AH11)), "ATTENZIONE: Vettore non associato", IF(V11="VETTORE", "Tipo spedizione: VETTORE", IF(V11="DESTINATARIO", "Tipo spedizione: DESTINATARIO", IF(ISBLANK(V11), "ATTENZIONE: Vettore vuoto", "?")))) -> Tipo spedizione: VETTORE | AZ11: =IF(AM11=1, "Città OK", "ATTENZIONE: CAP non presente") -> Città OK | BA11: OK | BB11: =_xlfn.CONCAT(AW11," - ",AX11," - ",AY11," - ",AZ11," - ","Data: ",BA11) -> Data sped. utile INSERITA - Data cons. rich. INSERITA - Tipo spedizione: VETTORE - Città OK - Data: OK
A12: S | B12: 11 | C12: 797 | D12: 0 | E12: 45972 | F12: 284 | G12: LA SUISSA S.R.L. | H12: MPGRMPT50825SAL/G21 | I12: AFR753110/G21 | J12: Granella di Mandorle Pel. Tostate Salate IT Grande | K12: 640 | M12: 640 | O12: 46001 | P12: CURRO' TRASPORTI SRL | Q12: 8 | R12: 10 | S12: G21 | T12: Non evaso | U12: DDP | V12: VETTORE | W12: LA SUISSA | X12: 15061 ARQUATA SCRIVIA | Y12: 4 | Z12: GRANELLE | AA12: 199 | AB12: MANDORLE PELATE TOSTATE | AC12: 120 | AD12: 4 | AE12: PRODOTTI COMMERCIALIZZATI | AF12: 1 | AG12: PRODOTTO FINITO | AH12: 2 | AJ12: LCO2501153 | AL12: No | AM12: 1 | AQ12: =_xlfn.CONCAT(C12,"/",D12) -> 797/0 | AR12: =IF(D12=0,"DA CONTRATTO","SPOT") -> DA CONTRATTO | AS12: =IF(AD12=5,"P","C") -> C | AT12: =VLOOKUP(S12,'FILE PALLETTIZZAZIONI DB SRL'!B:H,5,FALSE) -> 2 | AU12: =TEXT(N12,"gggg") -> sabato | AV12: =WEEKNUM(N12) -> 0 | AW12: =IF(AND(ISBLANK(N12),AS12="P"), "ATTENZIONE: Data produzione non pianificata", IF(AND(ISBLANK(N12),AS12="C"), "ATTENZIONE: Data arrivo merce acquisti non presente", IF(O12-N12>=AP12, "Data sped. utile INSERITA", "ATTENZIONE: GG. resa non adeguati"))) -> ATTENZIONE: Data arrivo merce acquisti non presente | AX12: =IF(ISBLANK(O12), "ATTENZIONE: Data non inserita", IF(O12<=param!B2, "ATTENZIONE: Ritardo, Avvertire il cliente", "Data cons. rich. INSERITA")) -> Data cons. rich. INSERITA | AY12: =IF(OR(ISBLANK(AP12),ISBLANK(AH12)), "ATTENZIONE: Vettore non associato", IF(V12="VETTORE", "Tipo spedizione: VETTORE", IF(V12="DESTINATARIO", "Tipo spedizione: DESTINATARIO", IF(ISBLANK(V12), "ATTENZIONE: Vettore vuoto", "?")))) -> ATTENZIONE: Vettore non associato | AZ12: =IF(AM12=1, "Città OK", "ATTENZIONE: CAP non presente") -> Città OK | BA12: ATTENZIONE: Giorno congruo presa vettore | BB12: =_xlfn.CONCAT(AW12," - ",AX12," - ",AY12," - ",AZ12," - ","Data: ",BA12) -> ATTENZIONE: Data arrivo merce acquisti non presente - Data cons. rich. INSERITA - ATTENZIONE: Vettore non associato - Città OK - Data: ATTENZIONE: Giorno congruo presa vettore
A13: S | B13: 12 | C13: 797 | D13: 0 | E13: 45972 | F13: 284 | G13: LA SUISSA S.R.L. | H13: MPGRMPT50825SAL/B500 | I13: AFR753110/BSV500 | J13: Granella di Mandorle Pel. Tostate Salate IT Grande | K13: 0.5 | M13: 0.5 | O13: 46001 | P13: CURRO' TRASPORTI SRL | Q13: 8 | R13: 10 | S13: BSV500 | T13: Non evaso | U13: DDP | V13: VETTORE | W13: LA SUISSA | X13: 15061 ARQUATA SCRIVIA | Y13: 4 | Z13: GRANELLE | AA13: 199 | AB13: MANDORLE PELATE TOSTATE | AC13: 120 | AD13: 4 | AE13: PRODOTTI COMMERCIALIZZATI | AF13: 1 | AG13: PRODOTTO FINITO | AH13: 2 | AJ13: LCO2501153 | AL13: No | AM13: 1 | AQ13: =_xlfn.CONCAT(C13,"/",D13) -> 797/0 | AR13: =IF(D13=0,"DA CONTRATTO","SPOT") -> DA CONTRATTO | AS13: =IF(AD13=5,"P","C") -> C | AT13: =VLOOKUP(S13,'FILE PALLETTIZZAZIONI DB SRL'!B:H,5,FALSE) -> #N/A | AU13: =TEXT(N13,"gggg") -> sabato | AV13: =WEEKNUM(N13) -> 0 | AW13: =IF(AND(ISBLANK(N13),AS13="P"), "ATTENZIONE: Data produzione non pianificata", IF(AND(ISBLANK(N13),AS13="C"), "ATTENZIONE: Data arrivo merce acquisti non presente", IF(O13-N13>=AP13, "Data sped. utile INSERITA", "ATTENZIONE: GG. resa non adeguati"))) -> ATTENZIONE: Data arrivo merce acquisti non presente | AX13: =IF(ISBLANK(O13), "ATTENZIONE: Data non inserita", IF(O13<=param!B2, "ATTENZIONE: Ritardo, Avvertire il cliente", "Data cons. rich. INSERITA")) -> Data cons. rich. INSERITA | AY13: =IF(OR(ISBLANK(AP13),ISBLANK(AH13)), "ATTENZIONE: Vettore non associato", IF(V13="VETTORE", "Tipo spedizione: VETTORE", IF(V13="DESTINATARIO", "Tipo spedizione: DESTINATARIO", IF(ISBLANK(V13), "ATTENZIONE: Vettore vuoto", "?")))) -> ATTENZIONE: Vettore non associato | AZ13: =IF(AM13=1, "Città OK", "ATTENZIONE: CAP non presente") -> Città OK | BA13: ATTENZIONE: Giorno congruo presa vettore | BB13: =_xlfn.CONCAT(AW13," - ",AX13," - ",AY13," - ",AZ13," - ","Data: ",BA13) -> ATTENZIONE: Data arrivo merce acquisti non presente - Data cons. rich. INSERITA - ATTENZIONE: Vettore non associato - Città OK - Data: ATTENZIONE: Giorno congruo presa vettore
A14: S | B14: 13 | C14: 798 | D14: 0 | E14: 45972 | F14: 284 | G14: LA SUISSA S.R.L. | H14: GRPSTS51125SAL/G21 | I14: AFR753111/G21 | J14: Granella di Pistacchi Sg. Tostati Salati IT Grande | K14: 640 | M14: 640 | N14: 45996 | O14: 46001 | P14: CURRO' TRASPORTI SRL | Q14: 8 | R14: 10 | S14: G21 | T14: Non evaso | U14: DDP | V14: VETTORE | W14: LA SUISSA | X14: 15061 ARQUATA SCRIVIA | Y14: 5 | Z14: GRANELLE | AA14: 208 | AB14: PISTACCHI SGUSCIATI TOSTAT | AC14: 120 | AD14: 5 | AE14: PRODOTTI DI BARTOLO | AF14: 1 | AG14: PRODOTTO FINITO | AH14: 2 | AJ14: LCO2501154 | AL14: No | AM14: 1 | AQ14: =_xlfn.CONCAT(C14,"/",D14) -> 798/0 | AR14: =IF(D14=0,"DA CONTRATTO","SPOT") -> DA CONTRATTO | AS14: =IF(AD14=5,"P","C") -> P | AT14: =VLOOKUP(S14,'FILE PALLETTIZZAZIONI DB SRL'!B:H,5,FALSE) -> 2 | AU14: =TEXT(N14,"gggg") -> venerdì | AV14: =WEEKNUM(N14) -> 49 | AW14: =IF(AND(ISBLANK(N14),AS14="P"), "ATTENZIONE: Data produzione non pianificata", IF(AND(ISBLANK(N14),AS14="C"), "ATTENZIONE: Data arrivo merce acquisti non presente", IF(O14-N14>=AP14, "Data sped. utile INSERITA", "ATTENZIONE: GG. resa non adeguati"))) -> Data sped. utile INSERITA | AX14: =IF(ISBLANK(O14), "ATTENZIONE: Data non inserita", IF(O14<=param!B2, "ATTENZIONE: Ritardo, Avvertire il cliente", "Data cons. rich. INSERITA")) -> Data cons. rich. INSERITA | AY14: =IF(OR(ISBLANK(AP14),ISBLANK(AH14)), "ATTENZIONE: Vettore non associato", IF(V14="VETTORE", "Tipo spedizione: VETTORE", IF(V14="DESTINATARIO", "Tipo spedizione: DESTINATARIO", IF(ISBLANK(V14), "ATTENZIONE: Vettore vuoto", "?")))) -> ATTENZIONE: Vettore non associato | AZ14: =IF(AM14=1, "Città OK", "ATTENZIONE: CAP non presente") -> Città OK | BA14: ATTENZIONE: Giorno congruo presa vettore | BB14: =_xlfn.CONCAT(AW14," - ",AX14," - ",AY14," - ",AZ14," - ","Data: ",BA14) -> Data sped. utile INSERITA - Data cons. rich. INSERITA - ATTENZIONE: Vettore non associato - Città OK - Data: ATTENZIONE: Giorno congruo presa vettore
A15: S | B15: 14 | C15: 798 | D15: 0 | E15: 45972 | F15: 284 | G15: LA SUISSA S.R.L. | H15: GRPSTS51125SAL/B500 | I15: AFR753111/B500 | J15: Granella di Pistacchi Sg. Tostati Salati IT Grande | K15: 0.5 | M15: 0.5 | N15: 45996 | O15: 46001 | P15: CURRO' TRASPORTI SRL | Q15: 8 | R15: 10 | S15: BSV500 | T15: Non evaso | U15: DDP | V15: VETTORE | W15: LA SUISSA | X15: 15061 ARQUATA SCRIVIA | Y15: 5 | Z15: GRANELLE | AA15: 208 | AB15: PISTACCHI SGUSCIATI TOSTAT | AC15: 120 | AD15: 5 | AE15: PRODOTTI DI BARTOLO | AF15: 1 | AG15: PRODOTTO FINITO | AH15: 2 | AJ15: LCO2501154 | AL15: No | AM15: 1 | AQ15: =_xlfn.CONCAT(C15,"/",D15) -> 798/0 | AR15: =IF(D15=0,"DA CONTRATTO","SPOT") -> DA CONTRATTO | AS15: =IF(AD15=5,"P","C") -> P | AT15: =VLOOKUP(S15,'FILE PALLETTIZZAZIONI DB SRL'!B:H,5,FALSE) -> #N/A | AU15: =TEXT(N15,"gggg") -> venerdì | AV15: =WEEKNUM(N15) -> 49 | AW15: =IF(AND(ISBLANK(N15),AS15="P"), "ATTENZIONE: Data produzione non pianificata", IF(AND(ISBLANK(N15),AS15="C"), "ATTENZIONE: Data arrivo merce acquisti non presente", IF(O15-N15>=AP15, "Data sped. utile INSERITA", "ATTENZIONE: GG. resa non adeguati"))) -> Data sped. utile INSERITA | AX15: =IF(ISBLANK(O15), "ATTENZIONE: Data non inserita", IF(O15<=param!B2, "ATTENZIONE: Ritardo, Avvertire il cliente", "Data cons. rich. INSERITA")) -> Data cons. rich. INSERITA | AY15: =IF(OR(ISBLANK(AP15),ISBLANK(AH15)), "ATTENZIONE: Vettore non associato", IF(V15="VETTORE", "Tipo spedizione: VETTORE", IF(V15="DESTINATARIO", "Tipo spedizione: DESTINATARIO", IF(ISBLANK(V15), "ATTENZIONE: Vettore vuoto", "?")))) -> ATTENZIONE: Vettore non associato | AZ15: =IF(AM15=1, "Città OK", "ATTENZIONE: CAP non presente") -> Città OK | BA15: ATTENZIONE: Giorno congruo presa vettore | BB15: =_xlfn.CONCAT(AW15," - ",AX15," - ",AY15," - ",AZ15," - ","Data: ",BA15) -> Data sped. utile INSERITA - Data cons. rich. INSERITA - ATTENZIONE: Vettore non associato - Città OK - Data: ATTENZIONE: Giorno congruo presa vettore
A16: S | B16: 15 | C16: 799 | D16: 0 | E16: 45972 | F16: 284 | G16: LA SUISSA S.R.L. | H16: MPGRMPT50625SAL/G21 | I16: AFR753010/G21 | J16: Granella di Mandorle Pel Tost Sal E Grande | K16: 640 | M16: 640 | O16: 46001 | P16: TRASPORTI RECUPERO SRL | Q16: 8 | R16: 10 | S16: G21 | T16: Non evaso | U16: DDP | V16: VETTORE | W16: LA SUISSA | X16: 15061 ARQUATA SCRIVIA | Y16: 4 | Z16: GRANELLE | AA16: 199 | AB16: MANDORLE PELATE TOSTATE | AC16: 120 | AD16: 4 | AE16: PRODOTTI COMMERCIALIZZATI | AF16: 1 | AG16: PRODOTTO FINITO | AH16: 70 | AJ16: LCO2501155 | AL16: No | AM16: 1 | AQ16: =_xlfn.CONCAT(C16,"/",D16) -> 799/0 | AR16: =IF(D16=0,"DA CONTRATTO","SPOT") -> DA CONTRATTO | AS16: =IF(AD16=5,"P","C") -> C | AT16: =VLOOKUP(S16,'FILE PALLETTIZZAZIONI DB SRL'!B:H,5,FALSE) -> 2 | AU16: =TEXT(N16,"gggg") -> sabato | AV16: =WEEKNUM(N16) -> 0 | AW16: =IF(AND(ISBLANK(N16),AS16="P"), "ATTENZIONE: Data produzione non pianificata", IF(AND(ISBLANK(N16),AS16="C"), "ATTENZIONE: Data arrivo merce acquisti non presente", IF(O16-N16>=AP16, "Data sped. utile INSERITA", "ATTENZIONE: GG. resa non adeguati"))) -> ATTENZIONE: Data arrivo merce acquisti non presente | AX16: =IF(ISBLANK(O16), "ATTENZIONE: Data non inserita", IF(O16<=param!B2, "ATTENZIONE: Ritardo, Avvertire il cliente", "Data cons. rich. INSERITA")) -> Data cons. rich. INSERITA | AY16: =IF(OR(ISBLANK(AP16),ISBLANK(AH16)), "ATTENZIONE: Vettore non associato", IF(V16="VETTORE", "Tipo spedizione: VETTORE", IF(V16="DESTINATARIO", "Tipo spedizione: DESTINATARIO", IF(ISBLANK(V16), "ATTENZIONE: Vettore vuoto", "?")))) -> ATTENZIONE: Vettore non associato | AZ16: =IF(AM16=1, "Città OK", "ATTENZIONE: CAP non presente") -> Città OK | BA16: ATTENZIONE: Giorno congruo presa vettore | BB16: =_xlfn.CONCAT(AW16," - ",AX16," - ",AY16," - ",AZ16," - ","Data: ",BA16) -> ATTENZIONE: Data arrivo merce acquisti non presente - Data cons. rich. INSERITA - ATTENZIONE: Vettore non associato - Città OK - Data: ATTENZIONE: Giorno congruo presa vettore
A17: S | B17: 16 | C17: 799 | D17: 0 | E17: 45972 | F17: 284 | G17: LA SUISSA S.R.L. | H17: MPGRMPT50625SAL/B500 | I17: AFR753010/B500 | J17: Granella di Mandorle Pel Tost Sal E Grande | K17: 0.5 | M17: 0.5 | O17: 46001 | P17: TRASPORTI RECUPERO SRL | Q17: 8 | R17: 10 | S17: BSV500 | T17: Non evaso | U17: DDP | V17: VETTORE | W17: LA SUISSA | X17: 15061 ARQUATA SCRIVIA | Y17: 4 | Z17: GRANELLE | AA17: 199 | AB17: MANDORLE PELATE TOSTATE | AC17: 120 | AD17: 4 | AE17: PRODOTTI COMMERCIALIZZATI | AF17: 1 | AG17: PRODOTTO FINITO | AH17: 70 | AJ17: LCO2501155 | AL17: No | AM17: 1 | AQ17: =_xlfn.CONCAT(C17,"/",D17) -> 799/0 | AR17: =IF(D17=0,"DA CONTRATTO","SPOT") -> DA CONTRATTO | AS17: =IF(AD17=5,"P","C") -> C | AT17: =VLOOKUP(S17,'FILE PALLETTIZZAZIONI DB SRL'!B:H,5,FALSE) -> #N/A | AU17: =TEXT(N17,"gggg") -> sabato | AV17: =WEEKNUM(N17) -> 0 | AW17: =IF(AND(ISBLANK(N17),AS17="P"), "ATTENZIONE: Data produzione non pianificata", IF(AND(ISBLANK(N17),AS17="C"), "ATTENZIONE: Data arrivo merce acquisti non presente", IF(O17-N17>=AP17, "Data sped. utile INSERITA", "ATTENZIONE: GG. resa non adeguati"))) -> ATTENZIONE: Data arrivo merce acquisti non presente | AX17: =IF(ISBLANK(O17), "ATTENZIONE: Data non inserita", IF(O17<=param!B2, "ATTENZIONE: Ritardo, Avvertire il cliente", "Data cons. rich. INSERITA")) -> Data cons. rich. INSERITA | AY17: =IF(OR(ISBLANK(AP17),ISBLANK(AH17)), "ATTENZIONE: Vettore non associato", IF(V17="VETTORE", "Tipo spedizione: VETTORE", IF(V17="DESTINATARIO", "Tipo spedizione: DESTINATARIO", IF(ISBLANK(V17), "ATTENZIONE: Vettore vuoto", "?")))) -> ATTENZIONE: Vettore non associato | AZ17: =IF(AM17=1, "Città OK", "ATTENZIONE: CAP non presente") -> Città OK | BA17: ATTENZIONE: Giorno congruo presa vettore | BB17: =_xlfn.CONCAT(AW17," - ",AX17," - ",AY17," - ",AZ17," - ","Data: ",BA17) -> ATTENZIONE: Data arrivo merce acquisti non presente - Data cons. rich. INSERITA - ATTENZIONE: Vettore non associato - Città OK - Data: ATTENZIONE: Giorno congruo presa vettore
A18: S | B18: 17 | C18: 800 | D18: 0 | E18: 45972 | F18: 284 | G18: LA SUISSA S.R.L. | H18: GRPST51225SAL/G21 | I18: AFR753011/G21 | J18: Granella di Pistacchi Sgusciati Tost Sal E Grande | K18: 640 | M18: 640 | N18: 45996 | O18: 46001 | P18: TRASPORTI RECUPERO SRL | Q18: 8 | R18: 10 | S18: G21 | T18: Non evaso | U18: DDP | V18: VETTORE | W18: LA SUISSA | X18: 15061 ARQUATA SCRIVIA | Y18: 5 | Z18: GRANELLE | AA18: 208 | AB18: PISTACCHI SGUSCIATI TOSTAT | AC18: 120 | AD18: 5 | AE18: PRODOTTI DI BARTOLO | AF18: 1 | AG18: PRODOTTO FINITO | AH18: 70 | AJ18: LCO2501156 | AL18: No | AM18: 1 | AQ18: =_xlfn.CONCAT(C18,"/",D18) -> 800/0 | AR18: =IF(D18=0,"DA CONTRATTO","SPOT") -> DA CONTRATTO | AS18: =IF(AD18=5,"P","C") -> P | AT18: =VLOOKUP(S18,'FILE PALLETTIZZAZIONI DB SRL'!B:H,5,FALSE) -> 2 | AU18: =TEXT(N18,"gggg") -> venerdì | AV18: =WEEKNUM(N18) -> 49 | AW18: =IF(AND(ISBLANK(N18),AS18="P"), "ATTENZIONE: Data produzione non pianificata", IF(AND(ISBLANK(N18),AS18="C"), "ATTENZIONE: Data arrivo merce acquisti non presente", IF(O18-N18>=AP18, "Data sped. utile INSERITA", "ATTENZIONE: GG. resa non adeguati"))) -> Data sped. utile INSERITA | AX18: =IF(ISBLANK(O18), "ATTENZIONE: Data non inserita", IF(O18<=param!B2, "ATTENZIONE: Ritardo, Avvertire il cliente", "Data cons. rich. INSERITA")) -> Data cons. rich. INSERITA | AY18: =IF(OR(ISBLANK(AP18),ISBLANK(AH18)), "ATTENZIONE: Vettore non associato", IF(V18="VETTORE", "Tipo spedizione: VETTORE", IF(V18="DESTINATARIO", "Tipo spedizione: DESTINATARIO", IF(ISBLANK(V18), "ATTENZIONE: Vettore vuoto", "?")))) -> ATTENZIONE: Vettore non associato | AZ18: =IF(AM18=1, "Città OK", "ATTENZIONE: CAP non presente") -> Città OK | BA18: ATTENZIONE: Giorno congruo presa vettore | BB18: =_xlfn.CONCAT(AW18," - ",AX18," - ",AY18," - ",AZ18," - ","Data: ",BA18) -> Data sped. utile INSERITA - Data cons. rich. INSERITA - ATTENZIONE: Vettore non associato - Città OK - Data: ATTENZIONE: Giorno congruo presa vettore
A19: S | B19: 18 | C19: 800 | D19: 0 | E19: 45972 | F19: 284 | G19: LA SUISSA S.R.L. | H19: GRPST51225SAL/BSV500 | I19: AFR753011/BSV500 | J19: Granella di Pistacchi Sgusciati Tost Sal E Grande | K19: 0.5 | M19: 0.5 | N19: 45996 | O19: 46001 | P19: TRASPORTI RECUPERO SRL | Q19: 8 | R19: 10 | S19: BSV500 | T19: Non evaso | U19: DDP | V19: VETTORE | W19: LA SUISSA | X19: 15061 ARQUATA SCRIVIA | Y19: 5 | Z19: GRANELLE | AA19: 208 | AB19: PISTACCHI SGUSCIATI TOSTAT | AC19: 120 | AD19: 5 | AE19: PRODOTTI DI BARTOLO | AF19: 1 | AG19: PRODOTTO FINITO | AH19: 70 | AJ19: LCO2501156 | AL19: No | AM19: 1 | AQ19: =_xlfn.CONCAT(C19,"/",D19) -> 800/0 | AR19: =IF(D19=0,"DA CONTRATTO","SPOT") -> DA CONTRATTO | AS19: =IF(AD19=5,"P","C") -> P | AT19: =VLOOKUP(S19,'FILE PALLETTIZZAZIONI DB SRL'!B:H,5,FALSE) -> #N/A | AU19: =TEXT(N19,"gggg") -> venerdì | AV19: =WEEKNUM(N19) -> 49 | AW19: =IF(AND(ISBLANK(N19),AS19="P"), "ATTENZIONE: Data produzione non pianificata", IF(AND(ISBLANK(N19),AS19="C"), "ATTENZIONE: Data arrivo merce acquisti non presente", IF(O19-N19>=AP19, "Data sped. utile INSERITA", "ATTENZIONE: GG. resa non adeguati"))) -> Data sped. utile INSERITA | AX19: =IF(ISBLANK(O19), "ATTENZIONE: Data non inserita", IF(O19<=param!B2, "ATTENZIONE: Ritardo, Avvertire il cliente", "Data cons. rich. INSERITA")) -> Data cons. rich. INSERITA | AY19: =IF(OR(ISBLANK(AP19),ISBLANK(AH19)), "ATTENZIONE: Vettore non associato", IF(V19="VETTORE", "Tipo spedizione: VETTORE", IF(V19="DESTINATARIO", "Tipo spedizione: DESTINATARIO", IF(ISBLANK(V19), "ATTENZIONE: Vettore vuoto", "?")))) -> ATTENZIONE: Vettore non associato | AZ19: =IF(AM19=1, "Città OK", "ATTENZIONE: CAP non presente") -> Città OK | BA19: ATTENZIONE: Giorno congruo presa vettore | BB19: =_xlfn.CONCAT(AW19," - ",AX19," - ",AY19," - ",AZ19," - ","Data: ",BA19) -> Data sped. utile INSERITA - Data cons. rich. INSERITA - ATTENZIONE: Vettore non associato - Città OK - Data: ATTENZIONE: Giorno congruo presa vettore
A20: S | B20: 19 | C20: 813 | D20: 0 | E20: 45975 | F20: 284 | G20: LA SUISSA S.R.L. | H20: MPGRMPT50825SAL/G21 | I20: AFR753110/G21 | J20: Granella di Mandorle Pel. Tostate Salate IT Grande | K20: 640 | M20: 640 | O20: 46009 | P20: CURRO' TRASPORTI SRL | Q20: 8 | R20: 10 | S20: G21 | T20: Non evaso | U20: DDP | V20: VETTORE | W20: LA SUISSA | X20: 15061 ARQUATA SCRIVIA | Y20: 4 | Z20: GRANELLE | AA20: 199 | AB20: MANDORLE PELATE TOSTATE | AC20: 120 | AD20: 4 | AE20: PRODOTTI COMMERCIALIZZATI | AF20: 1 | AG20: PRODOTTO FINITO | AH20: 2 | AJ20: LCO2501172 | AL20: No | AM20: 1 | AQ20: =_xlfn.CONCAT(C20,"/",D20) -> 813/0 | AR20: =IF(D20=0,"DA CONTRATTO","SPOT") -> DA CONTRATTO | AS20: =IF(AD20=5,"P","C") -> C | AT20: =VLOOKUP(S20,'FILE PALLETTIZZAZIONI DB SRL'!B:H,5,FALSE) -> 2 | AU20: =TEXT(N20,"gggg") -> sabato | AV20: =WEEKNUM(N20) -> 0 | AW20: =IF(AND(ISBLANK(N20),AS20="P"), "ATTENZIONE: Data produzione non pianificata", IF(AND(ISBLANK(N20),AS20="C"), "ATTENZIONE: Data arrivo merce acquisti non presente", IF(O20-N20>=AP20, "Data sped. utile INSERITA", "ATTENZIONE: GG. resa non adeguati"))) -> ATTENZIONE: Data arrivo merce acquisti non presente | AX20: =IF(ISBLANK(O20), "ATTENZIONE: Data non inserita", IF(O20<=param!B2, "ATTENZIONE: Ritardo, Avvertire il cliente", "Data cons. rich. INSERITA")) -> Data cons. rich. INSERITA | AY20: =IF(OR(ISBLANK(AP20),ISBLANK(AH20)), "ATTENZIONE: Vettore non associato", IF(V20="VETTORE", "Tipo spedizione: VETTORE", IF(V20="DESTINATARIO", "Tipo spedizione: DESTINATARIO", IF(ISBLANK(V20), "ATTENZIONE: Vettore vuoto", "?")))) -> ATTENZIONE: Vettore non associato | AZ20: =IF(AM20=1, "Città OK", "ATTENZIONE: CAP non presente") -> Città OK | BA20: ATTENZIONE: Giorno congruo presa vettore | BB20: =_xlfn.CONCAT(AW20," - ",AX20," - ",AY20," - ",AZ20," - ","Data: ",BA20) -> ATTENZIONE: Data arrivo merce acquisti non presente - Data cons. rich. INSERITA - ATTENZIONE: Vettore non associato - Città OK - Data: ATTENZIONE: Giorno congruo presa vettore
A21: S | B21: 20 | C21: 813 | D21: 0 | E21: 45975 | F21: 284 | G21: LA SUISSA S.R.L. | H21: MPGRMPT50825SAL/B500 | I21: AFR753110/BSV500 | J21: Granella di Mandorle Pel. Tostate Salate IT Grande | K21: 0.5 | M21: 0.5 | O21: 46009 | P21: CURRO' TRASPORTI SRL | Q21: 8 | R21: 10 | S21: BSV500 | T21: Non evaso | U21: DDP | V21: VETTORE | W21: LA SUISSA | X21: 15061 ARQUATA SCRIVIA | Y21: 4 | Z21: GRANELLE | AA21: 199 | AB21: MANDORLE PELATE TOSTATE | AC21: 120 | AD21: 4 | AE21: PRODOTTI COMMERCIALIZZATI | AF21: 1 | AG21: PRODOTTO FINITO | AH21: 2 | AJ21: LCO2501172 | AL21: No | AM21: 1 | AQ21: =_xlfn.CONCAT(C21,"/",D21) -> 813/0 | AR21: =IF(D21=0,"DA CONTRATTO","SPOT") -> DA CONTRATTO | AS21: =IF(AD21=5,"P","C") -> C | AT21: =VLOOKUP(S21,'FILE PALLETTIZZAZIONI DB SRL'!B:H,5,FALSE) -> #N/A | AU21: =TEXT(N21,"gggg") -> sabato | AV21: =WEEKNUM(N21) -> 0 | AW21: =IF(AND(ISBLANK(N21),AS21="P"), "ATTENZIONE: Data produzione non pianificata", IF(AND(ISBLANK(N21),AS21="C"), "ATTENZIONE: Data arrivo merce acquisti non presente", IF(O21-N21>=AP21, "Data sped. utile INSERITA", "ATTENZIONE: GG. resa non adeguati"))) -> ATTENZIONE: Data arrivo merce acquisti non presente | AX21: =IF(ISBLANK(O21), "ATTENZIONE: Data non inserita", IF(O21<=param!B2, "ATTENZIONE: Ritardo, Avvertire il cliente", "Data cons. rich. INSERITA")) -> Data cons. rich. INSERITA | AY21: =IF(OR(ISBLANK(AP21),ISBLANK(AH21)), "ATTENZIONE: Vettore non associato", IF(V21="VETTORE", "Tipo spedizione: VETTORE", IF(V21="DESTINATARIO", "Tipo spedizione: DESTINATARIO", IF(ISBLANK(V21), "ATTENZIONE: Vettore vuoto", "?")))) -> ATTENZIONE: Vettore non associato | AZ21: =IF(AM21=1, "Città OK", "ATTENZIONE: CAP non presente") -> Città OK | BA21: ATTENZIONE: Giorno congruo presa vettore | BB21: =_xlfn.CONCAT(AW21," - ",AX21," - ",AY21," - ",AZ21," - ","Data: ",BA21) -> ATTENZIONE: Data arrivo merce acquisti non presente - Data cons. rich. INSERITA - ATTENZIONE: Vettore non associato - Città OK - Data: ATTENZIONE: Giorno congruo presa vettore
A22: S | B22: 21 | C22: 814 | D22: 0 | E22: 45975 | F22: 284 | G22: LA SUISSA S.R.L. | H22: GRPSTS51125SAL/G21 | I22: AFR753111/G21 | J22: Granella di Pistacchi Sg. Tostati Salati IT Grande | K22: 640 | M22: 640 | O22: 46009 | P22: CURRO' TRASPORTI SRL | Q22: 8 | R22: 10 | S22: G21 | T22: Non evaso | U22: DDP | V22: VETTORE | W22: LA SUISSA | X22: 15061 ARQUATA SCRIVIA | Y22: 5 | Z22: GRANELLE | AA22: 208 | AB22: PISTACCHI SGUSCIATI TOSTAT | AC22: 120 | AD22: 5 | AE22: PRODOTTI DI BARTOLO | AF22: 1 | AG22: PRODOTTO FINITO | AH22: 2 | AJ22: LCO2501173 | AL22: No | AM22: 1 | AQ22: =_xlfn.CONCAT(C22,"/",D22) -> 814/0 | AR22: =IF(D22=0,"DA CONTRATTO","SPOT") -> DA CONTRATTO | AS22: =IF(AD22=5,"P","C") -> P | AT22: =VLOOKUP(S22,'FILE PALLETTIZZAZIONI DB SRL'!B:H,5,FALSE) -> 2 | AU22: =TEXT(N22,"gggg") -> sabato | AV22: =WEEKNUM(N22) -> 0 | AW22: =IF(AND(ISBLANK(N22),AS22="P"), "ATTENZIONE: Data produzione non pianificata", IF(AND(ISBLANK(N22),AS22="C"), "ATTENZIONE: Data arrivo merce acquisti non presente", IF(O22-N22>=AP22, "Data sped. utile INSERITA", "ATTENZIONE: GG. resa non adeguati"))) -> ATTENZIONE: Data produzione non pianificata | AX22: =IF(ISBLANK(O22), "ATTENZIONE: Data non inserita", IF(O22<=param!B2, "ATTENZIONE: Ritardo, Avvertire il cliente", "Data cons. rich. INSERITA")) -> Data cons. rich. INSERITA | AY22: =IF(OR(ISBLANK(AP22),ISBLANK(AH22)), "ATTENZIONE: Vettore non associato", IF(V22="VETTORE", "Tipo spedizione: VETTORE", IF(V22="DESTINATARIO", "Tipo spedizione: DESTINATARIO", IF(ISBLANK(V22), "ATTENZIONE: Vettore vuoto", "?")))) -> ATTENZIONE: Vettore non associato | AZ22: =IF(AM22=1, "Città OK", "ATTENZIONE: CAP non presente") -> Città OK | BA22: ATTENZIONE: Giorno congruo presa vettore | BB22: =_xlfn.CONCAT(AW22," - ",AX22," - ",AY22," - ",AZ22," - ","Data: ",BA22) -> ATTENZIONE: Data produzione non pianificata - Data cons. rich. INSERITA - ATTENZIONE: Vettore non associato - Città OK - Data: ATTENZIONE: Giorno congruo presa vettore
A23: S | B23: 22 | C23: 814 | D23: 0 | E23: 45975 | F23: 284 | G23: LA SUISSA S.R.L. | H23: GRPSTS51125SAL/B500 | I23: AFR753111/B500 | J23: Granella di Pistacchi Sg. Tostati Salati IT Grande | K23: 0.5 | M23: 0.5 | O23: 46009 | P23: CURRO' TRASPORTI SRL | Q23: 8 | R23: 10 | S23: BSV500 | T23: Non evaso | U23: DDP | V23: VETTORE | W23: LA SUISSA | X23: 15061 ARQUATA SCRIVIA | Y23: 5 | Z23: GRANELLE | AA23: 208 | AB23: PISTACCHI SGUSCIATI TOSTAT | AC23: 120 | AD23: 5 | AE23: PRODOTTI DI BARTOLO | AF23: 1 | AG23: PRODOTTO FINITO | AH23: 2 | AJ23: LCO2501173 | AL23: No | AM23: 1 | AQ23: =_xlfn.CONCAT(C23,"/",D23) -> 814/0 | AR23: =IF(D23=0,"DA CONTRATTO","SPOT") -> DA CONTRATTO | AS23: =IF(AD23=5,"P","C") -> P | AT23: =VLOOKUP(S23,'FILE PALLETTIZZAZIONI DB SRL'!B:H,5,FALSE) -> #N/A | AU23: =TEXT(N23,"gggg") -> sabato | AV23: =WEEKNUM(N23) -> 0 | AW23: =IF(AND(ISBLANK(N23),AS23="P"), "ATTENZIONE: Data produzione non pianificata", IF(AND(ISBLANK(N23),AS23="C"), "ATTENZIONE: Data arrivo merce acquisti non presente", IF(O23-N23>=AP23, "Data sped. utile INSERITA", "ATTENZIONE: GG. resa non adeguati"))) -> ATTENZIONE: Data produzione non pianificata | AX23: =IF(ISBLANK(O23), "ATTENZIONE: Data non inserita", IF(O23<=param!B2, "ATTENZIONE: Ritardo, Avvertire il cliente", "Data cons. rich. INSERITA")) -> Data cons. rich. INSERITA | AY23: =IF(OR(ISBLANK(AP23),ISBLANK(AH23)), "ATTENZIONE: Vettore non associato", IF(V23="VETTORE", "Tipo spedizione: VETTORE", IF(V23="DESTINATARIO", "Tipo spedizione: DESTINATARIO", IF(ISBLANK(V23), "ATTENZIONE: Vettore vuoto", "?")))) -> ATTENZIONE: Vettore non associato | AZ23: =IF(AM23=1, "Città OK", "ATTENZIONE: CAP non presente") -> Città OK | BA23: ATTENZIONE: Giorno congruo presa vettore | BB23: =_xlfn.CONCAT(AW23," - ",AX23," - ",AY23," - ",AZ23," - ","Data: ",BA23) -> ATTENZIONE: Data produzione non pianificata - Data cons. rich. INSERITA - ATTENZIONE: Vettore non associato - Città OK - Data: ATTENZIONE: Giorno congruo presa vettore
A24: S | B24: 23 | C24: 776 | D24: 0 | E24: 45958 | F24: 343 | G24: ESKIGEL S.R.L. | H24: PP1012/P10 | I24: 11000084/P10 | J24: PASTA PISTACCHIO S 11000084 | K24: 1000 | M24: 1000 | O24: 46029 | P24: RUSTICO BRUNO | Q24: 8 | R24: 10 | S24: P10 | T24: Non evaso | U24: DDP | V24: VETTORE | W24: ESKIGEL S.R.L. | X24: 05100 TERNI TR | Y24: 5 | Z24: PASTE | AA24: 870 | AB24: PISTACCHIO | AC24: 235 | AD24: 5 | AE24: PRODOTTI DI BARTOLO | AF24: 1 | AG24: PRODOTTO FINITO | AH24: 1 | AJ24: 25005794 OP | AL24: No | AM24: 1 | AN24: martedì | AO24: venerdì | AP24: 5 | AQ24: =_xlfn.CONCAT(C24,"/",D24) -> 776/0 | AR24: =IF(D24=0,"DA CONTRATTO","SPOT") -> DA CONTRATTO | AS24: =IF(AD24=5,"P","C") -> P | AT24: =VLOOKUP(S24,'FILE PALLETTIZZAZIONI DB SRL'!B:H,5,FALSE) -> 25 | AU24: =TEXT(N24,"gggg") -> sabato | AV24: =WEEKNUM(N24) -> 0 | AW24: =IF(AND(ISBLANK(N24),AS24="P"), "ATTENZIONE: Data produzione non pianificata", IF(AND(ISBLANK(N24),AS24="C"), "ATTENZIONE: Data arrivo merce acquisti non presente", IF(O24-N24>=AP24, "Data sped. utile INSERITA", "ATTENZIONE: GG. resa non adeguati"))) -> ATTENZIONE: Data produzione non pianificata | AX24: =IF(ISBLANK(O24), "ATTENZIONE: Data non inserita", IF(O24<=param!B2, "ATTENZIONE: Ritardo, Avvertire il cliente", "Data cons. rich. INSERITA")) -> Data cons. rich. INSERITA | AY24: =IF(OR(ISBLANK(AP24),ISBLANK(AH24)), "ATTENZIONE: Vettore non associato", IF(V24="VETTORE", "Tipo spedizione: VETTORE", IF(V24="DESTINATARIO", "Tipo spedizione: DESTINATARIO", IF(ISBLANK(V24), "ATTENZIONE: Vettore vuoto", "?")))) -> Tipo spedizione: VETTORE | AZ24: =IF(AM24=1, "Città OK", "ATTENZIONE: CAP non presente") -> Città OK | BA24: ATTENZIONE: Giorno congruo presa vettore | BB24: =_xlfn.CONCAT(AW24," - ",AX24," - ",AY24," - ",AZ24," - ","Data: ",BA24) -> ATTENZIONE: Data produzione non pianificata - Data cons. rich. INSERITA - Tipo spedizione: VETTORE - Città OK - Data: ATTENZIONE: Giorno congruo presa vettore
A25: S | B25: 25 | C25: 777 | D25: 0 | E25: 45958 | F25: 343 | G25: ESKIGEL S.R.L. | H25: PPAPG2/P10 | I25: 11001335/P10 | J25: PASTA PISTACCHIO U 11001335 | K25: 1000 | M25: 1000 | O25: 46029 | P25: RUSTICO BRUNO | Q25: 8 | R25: 10 | S25: P10 | T25: Non evaso | U25: DDP | V25: VETTORE | W25: ESKIGEL S.R.L. | X25: 05100 TERNI TR | Y25: 5 | Z25: PASTE | AA25: 870 | AB25: PISTACCHIO | AC25: 235 | AD25: 5 | AE25: PRODOTTI DI BARTOLO | AF25: 1 | AG25: PRODOTTO FINITO | AH25: 1 | AJ25: 25005794 OP | AL25: No | AM25: 1 | AN25: martedì | AO25: venerdì | AP25: 5 | AQ25: =_xlfn.CONCAT(C25,"/",D25) -> 777/0 | AR25: =IF(D25=0,"DA CONTRATTO","SPOT") -> DA CONTRATTO | AS25: =IF(AD25=5,"P","C") -> P | AT25: =VLOOKUP(S25,'FILE PALLETTIZZAZIONI DB SRL'!B:H,5,FALSE) -> 25 | AU25: =TEXT(N25,"gggg") -> sabato | AV25: =WEEKNUM(N25) -> 0 | AW25: =IF(AND(ISBLANK(N25),AS25="P"), "ATTENZIONE: Data produzione non pianificata", IF(AND(ISBLANK(N25),AS25="C"), "ATTENZIONE: Data arrivo merce acquisti non presente", IF(O25-N25>=AP25, "Data sped. utile INSERITA", "ATTENZIONE: GG. resa non adeguati"))) -> ATTENZIONE: Data produzione non pianificata | AX25: =IF(ISBLANK(O25), "ATTENZIONE: Data non inserita", IF(O25<=param!B2, "ATTENZIONE: Ritardo, Avvertire il cliente", "Data cons. rich. INSERITA")) -> Data cons. rich. INSERITA | AY25: =IF(OR(ISBLANK(AP25),ISBLANK(AH25)), "ATTENZIONE: Vettore non associato", IF(V25="VETTORE", "Tipo spedizione: VETTORE", IF(V25="DESTINATARIO", "Tipo spedizione: DESTINATARIO", IF(ISBLANK(V25), "ATTENZIONE: Vettore vuoto", "?")))) -> Tipo spedizione: VETTORE | AZ25: =IF(AM25=1, "Città OK", "ATTENZIONE: CAP non presente") -> Città OK | BA25: ATTENZIONE: Giorno congruo presa vettore | BB25: =_xlfn.CONCAT(AW25," - ",AX25," - ",AY25," - ",AZ25," - ","Data: ",BA25) -> ATTENZIONE: Data produzione non pianificata - Data cons. rich. INSERITA - Tipo spedizione: VETTORE - Città OK - Data: ATTENZIONE: Giorno congruo presa vettore
A26: S | B26: 27 | C26: 778 | D26: 0 | E26: 45958 | F26: 343 | G26: ESKIGEL S.R.L. | H26: GRPST51125/G23 | I26: 14000105/G23 | J26: GRANELLA DI PISTACCHI TOSTATI S 14000105 CAL. 2/4 | K26: 640 | M26: 640 | O26: 46029 | P26: RUSTICO BRUNO | Q26: 8 | R26: 10 | S26: G23 | T26: Non evaso | U26: DDP | V26: VETTORE | W26: ESKIGEL S.R.L. | X26: 05100 TERNI TR | Y26: 5 | Z26: GRANELLE | AA26: 208 | AB26: PISTACCHI SGUSCIATI TOSTAT | AC26: 120 | AD26: 5 | AE26: PRODOTTI DI BARTOLO | AF26: 1 | AG26: PRODOTTO FINITO | AH26: 1 | AJ26: 25005794 OP | AL26: No | AM26: 1 | AN26: martedì | AO26: venerdì | AP26: 5 | AQ26: =_xlfn.CONCAT(C26,"/",D26) -> 778/0 | AR26: =IF(D26=0,"DA CONTRATTO","SPOT") -> DA CONTRATTO | AS26: =IF(AD26=5,"P","C") -> P | AT26: =VLOOKUP(S26,'FILE PALLETTIZZAZIONI DB SRL'!B:H,5,FALSE) -> 32 | AU26: =TEXT(N26,"gggg") -> sabato | AV26: =WEEKNUM(N26) -> 0 | AW26: =IF(AND(ISBLANK(N26),AS26="P"), "ATTENZIONE: Data produzione non pianificata", IF(AND(ISBLANK(N26),AS26="C"), "ATTENZIONE: Data arrivo merce acquisti non presente", IF(O26-N26>=AP26, "Data sped. utile INSERITA", "ATTENZIONE: GG. resa non adeguati"))) -> ATTENZIONE: Data produzione non pianificata | AX26: =IF(ISBLANK(O26), "ATTENZIONE: Data non inserita", IF(O26<=param!B2, "ATTENZIONE: Ritardo, Avvertire il cliente", "Data cons. rich. INSERITA")) -> Data cons. rich. INSERITA | AY26: =IF(OR(ISBLANK(AP26),ISBLANK(AH26)), "ATTENZIONE: Vettore non associato", IF(V26="VETTORE", "Tipo spedizione: VETTORE", IF(V26="DESTINATARIO", "Tipo spedizione: DESTINATARIO", IF(ISBLANK(V26), "ATTENZIONE: Vettore vuoto", "?")))) -> Tipo spedizione: VETTORE | AZ26: =IF(AM26=1, "Città OK", "ATTENZIONE: CAP non presente") -> Città OK | BA26: ATTENZIONE: Giorno congruo presa vettore | BB26: =_xlfn.CONCAT(AW26," - ",AX26," - ",AY26," - ",AZ26," - ","Data: ",BA26) -> ATTENZIONE: Data produzione non pianificata - Data cons. rich. INSERITA - Tipo spedizione: VETTORE - Città OK - Data: ATTENZIONE: Giorno congruo presa vettore
A27: S | B27: 29 | C27: 791 | D27: 0 | E27: 45967 | F27: 343 | G27: ESKIGEL S.R.L. | H27: PTRN5953/P10 | I27: 11000062/ P10 | J27: PASTA TORRONCINO SOLUBILE OE | K27: 500 | M27: 500 | O27: 46029 | P27: RUSTICO BRUNO | Q27: 8 | R27: 10 | S27: P10 | T27: Non evaso | U27: DDP | V27: VETTORE | W27: ESKIGEL S.R.L. | X27: 05100 TERNI TR | Y27: 5 | Z27: PASTE | AA27: 873 | AB27: TORRONCINO | AC27: 235 | AD27: 5 | AE27: PRODOTTI DI BARTOLO | AF27: 4 | AG27: SEMILAVORATO | AH27: 1 | AJ27: 25005794 OP | AL27: No | AM27: 1 | AN27: martedì | AO27: venerdì | AP27: 5 | AQ27: =_xlfn.CONCAT(C27,"/",D27) -> 791/0 | AR27: =IF(D27=0,"DA CONTRATTO","SPOT") -> DA CONTRATTO | AS27: =IF(AD27=5,"P","C") -> P | AT27: =VLOOKUP(S27,'FILE PALLETTIZZAZIONI DB SRL'!B:H,5,FALSE) -> 25 | AU27: =TEXT(N27,"gggg") -> sabato | AV27: =WEEKNUM(N27) -> 0 | AW27: =IF(AND(ISBLANK(N27),AS27="P"), "ATTENZIONE: Data produzione non pianificata", IF(AND(ISBLANK(N27),AS27="C"), "ATTENZIONE: Data arrivo merce acquisti non presente", IF(O27-N27>=AP27, "Data sped. utile INSERITA", "ATTENZIONE: GG. resa non adeguati"))) -> ATTENZIONE: Data produzione non pianificata | AX27: =IF(ISBLANK(O27), "ATTENZIONE: Data non inserita", IF(O27<=param!B2, "ATTENZIONE: Ritardo, Avvertire il cliente", "Data cons. rich. INSERITA")) -> Data cons. rich. INSERITA | AY27: =IF(OR(ISBLANK(AP27),ISBLANK(AH27)), "ATTENZIONE: Vettore non associato", IF(V27="VETTORE", "Tipo spedizione: VETTORE", IF(V27="DESTINATARIO", "Tipo spedizione: DESTINATARIO", IF(ISBLANK(V27), "ATTENZIONE: Vettore vuoto", "?")))) -> Tipo spedizione: VETTORE | AZ27: =IF(AM27=1, "Città OK", "ATTENZIONE: CAP non presente") -> Città OK | BA27: ATTENZIONE: Giorno congruo presa vettore | BB27: =_xlfn.CONCAT(AW27," - ",AX27," - ",AY27," - ",AZ27," - ","Data: ",BA27) -> ATTENZIONE: Data produzione non pianificata - Data cons. rich. INSERITA - Tipo spedizione: VETTORE - Città OK - Data: ATTENZIONE: Giorno congruo presa vettore
A28: S | B28: 31 | C28: 792 | D28: 0 | E28: 45967 | F28: 343 | G28: ESKIGEL S.R.L. | H28: COPP10-1/P10 | I28: 14003850/P10 | J28: SALSA ANIDRA PISTACCHIO | K28: 1000 | M28: 1000 | O28: 46029 | P28: RUSTICO BRUNO | S28: P10 | T28: Non evaso | U28: DDP | V28: VETTORE | W28: ESKIGEL S.R.L. | X28: 05100 TERNI TR | Y28: 5 | Z28: VARIEGATI | AA28: 870 | AB28: PISTACCHIO | AC28: 4 | AD28: 5 | AE28: PRODOTTI DI BARTOLO | AF28: 4 | AG28: SEMILAVORATO | AH28: 1 | AJ28: 25005794 OP | AL28: No | AM28: 1 | AN28: martedì | AO28: venerdì | AP28: 5 | AQ28: =_xlfn.CONCAT(C28,"/",D28) -> 792/0 | AR28: =IF(D28=0,"DA CONTRATTO","SPOT") -> DA CONTRATTO | AS28: =IF(AD28=5,"P","C") -> P | AT28: =VLOOKUP(S28,'FILE PALLETTIZZAZIONI DB SRL'!B:H,5,FALSE) -> 25 | AU28: =TEXT(N28,"gggg") -> sabato | AV28: =WEEKNUM(N28) -> 0 | AW28: =IF(AND(ISBLANK(N28),AS28="P"), "ATTENZIONE: Data produzione non pianificata", IF(AND(ISBLANK(N28),AS28="C"), "ATTENZIONE: Data arrivo merce acquisti non presente", IF(O28-N28>=AP28, "Data sped. utile INSERITA", "ATTENZIONE: GG. resa non adeguati"))) -> ATTENZIONE: Data produzione non pianificata | AX28: =IF(ISBLANK(O28), "ATTENZIONE: Data non inserita", IF(O28<=param!B2, "ATTENZIONE: Ritardo, Avvertire il cliente", "Data cons. rich. INSERITA")) -> Data cons. rich. INSERITA | AY28: =IF(OR(ISBLANK(AP28),ISBLANK(AH28)), "ATTENZIONE: Vettore non associato", IF(V28="VETTORE", "Tipo spedizione: VETTORE", IF(V28="DESTINATARIO", "Tipo spedizione: DESTINATARIO", IF(ISBLANK(V28), "ATTENZIONE: Vettore vuoto", "?")))) -> Tipo spedizione: VETTORE | AZ28: =IF(AM28=1, "Città OK", "ATTENZIONE: CAP non presente") -> Città OK | BA28: ATTENZIONE: Giorno congruo presa vettore | BB28: =_xlfn.CONCAT(AW28," - ",AX28," - ",AY28," - ",AZ28," - ","Data: ",BA28) -> ATTENZIONE: Data produzione non pianificata - Data cons. rich. INSERITA - Tipo spedizione: VETTORE - Città OK - Data: ATTENZIONE: Giorno congruo presa vettore
A29: S | B29: 37 | C29: 731 | D29: 0 | E29: 45925 | F29: 363 | G29: SAMMONTANA SPA Società Benefit | H29: COPG702/IBC1000 | I29: MPCC245/IBC1000 | J29: VARIEGATO CACAO NOCCIOLE NO LATTE GIRASOLE | K29: 10000 | M29: 10000 | O29: 46001 | P29: RUSTICO BRUNO | Q29: 8 | R29: 10 | S29: IBC100 | T29: Non evaso | U29: DDP | V29: VETTORE | W29: SAMMONTANA SPA | X29: 37030 VERONA | Y29: 5 | Z29: VARIEGATI | AA29: 550 | AB29: GIANDUIA | AC29: 4 | AD29: 5 | AE29: PRODOTTI DI BARTOLO | AF29: 1 | AG29: PRODOTTO FINITO | AH29: 1 | AJ29: 25OF022681-1 | AL29: No | AM29: 1 | AN29: martedì | AO29: venerdì | AP29: 5 | AQ29: =_xlfn.CONCAT(C29,"/",D29) -> 731/0 | AR29: =IF(D29=0,"DA CONTRATTO","SPOT") -> DA CONTRATTO | AS29: =IF(AD29=5,"P","C") -> P | AT29: =VLOOKUP(S29,'FILE PALLETTIZZAZIONI DB SRL'!B:H,5,FALSE) -> 1 | AU29: =TEXT(N29,"gggg") -> sabato | AV29: =WEEKNUM(N29) -> 0 | AW29: =IF(AND(ISBLANK(N29),AS29="P"), "ATTENZIONE: Data produzione non pianificata", IF(AND(ISBLANK(N29),AS29="C"), "ATTENZIONE: Data arrivo merce acquisti non presente", IF(O29-N29>=AP29, "Data sped. utile INSERITA", "ATTENZIONE: GG. resa non adeguati"))) -> ATTENZIONE: Data produzione non pianificata | AX29: =IF(ISBLANK(O29), "ATTENZIONE: Data non inserita", IF(O29<=param!B2, "ATTENZIONE: Ritardo, Avvertire il cliente", "Data cons. rich. INSERITA")) -> Data cons. rich. INSERITA | AY29: =IF(OR(ISBLANK(AP29),ISBLANK(AH29)), "ATTENZIONE: Vettore non associato", IF(V29="VETTORE", "Tipo spedizione: VETTORE", IF(V29="DESTINATARIO", "Tipo spedizione: DESTINATARIO", IF(ISBLANK(V29), "ATTENZIONE: Vettore vuoto", "?")))) -> Tipo spedizione: VETTORE | AZ29: =IF(AM29=1, "Città OK", "ATTENZIONE: CAP non presente") -> Città OK | BA29: ATTENZIONE: Giorno congruo presa vettore | BB29: =_xlfn.CONCAT(AW29," - ",AX29," - ",AY29," - ",AZ29," - ","Data: ",BA29) -> ATTENZIONE: Data produzione non pianificata - Data cons. rich. INSERITA - Tipo spedizione: VETTORE - Città OK - Data: ATTENZIONE: Giorno congruo presa vettore
A30: S | B30: 38 | C30: 732 | D30: 0 | E30: 45925 | F30: 363 | G30: SAMMONTANA SPA Società Benefit | H30: COPG702/IBC1000 | I30: MPCC245/IBC1000 | J30: VARIEGATO CACAO NOCCIOLE NO LATTE GIRASOLE | K30: 20000 | M30: 20000 | O30: 46009 | P30: RUSTICO BRUNO | Q30: 8 | R30: 10 | S30: IBC100 | T30: Non evaso | U30: DDP | V30: VETTORE | W30: SAMMONTANA SPA | X30: 37030 VERONA | Y30: 5 | Z30: VARIEGATI | AA30: 550 | AB30: GIANDUIA | AC30: 4 | AD30: 5 | AE30: PRODOTTI DI BARTOLO | AF30: 1 | AG30: PRODOTTO FINITO | AH30: 1 | AJ30: 25OF022681-1 | AL30: No | AM30: 1 | AN30: martedì | AO30: venerdì | AP30: 5 | AQ30: =_xlfn.CONCAT(C30,"/",D30) -> 732/0 | AR30: =IF(D30=0,"DA CONTRATTO","SPOT") -> DA CONTRATTO | AS30: =IF(AD30=5,"P","C") -> P | AT30: =VLOOKUP(S30,'FILE PALLETTIZZAZIONI DB SRL'!B:H,5,FALSE) -> 1 | AU30: =TEXT(N30,"gggg") -> sabato | AV30: =WEEKNUM(N30) -> 0 | AW30: =IF(AND(ISBLANK(N30),AS30="P"), "ATTENZIONE: Data produzione non pianificata", IF(AND(ISBLANK(N30),AS30="C"), "ATTENZIONE: Data arrivo merce acquisti non presente", IF(O30-N30>=AP30, "Data sped. utile INSERITA", "ATTENZIONE: GG. resa non adeguati"))) -> ATTENZIONE: Data produzione non pianificata | AX30: =IF(ISBLANK(O30), "ATTENZIONE: Data non inserita", IF(O30<=param!B2, "ATTENZIONE: Ritardo, Avvertire il cliente", "Data cons. rich. INSERITA")) -> Data cons. rich. INSERITA | AY30: =IF(OR(ISBLANK(AP30),ISBLANK(AH30)), "ATTENZIONE: Vettore non associato", IF(V30="VETTORE", "Tipo spedizione: VETTORE", IF(V30="DESTINATARIO", "Tipo spedizione: DESTINATARIO", IF(ISBLANK(V30), "ATTENZIONE: Vettore vuoto", "?")))) -> Tipo spedizione: VETTORE | AZ30: =IF(AM30=1, "Città OK", "ATTENZIONE: CAP non presente") -> Città OK | BA30: ATTENZIONE: Giorno congruo presa vettore | BB30: =_xlfn.CONCAT(AW30," - ",AX30," - ",AY30," - ",AZ30," - ","Data: ",BA30) -> ATTENZIONE: Data produzione non pianificata - Data cons. rich. INSERITA - Tipo spedizione: VETTORE - Città OK - Data: ATTENZIONE: Giorno congruo presa vettore
A31: S | B31: 39 | C31: 784 | D31: 0 | E31: 45965 | F31: 363 | G31: SAMMONTANA SPA Società Benefit | H31: MPGR241ISCC/G23 | I31: MPGR272/G23 | J31: GRAN MAND PELATE TOST SICILIA 2-4 mm ISCC PLUS-SG | K31: 3200 | M31: 3200 | O31: 46008 | P31: RUSTICO BRUNO | S31: G23 | T31: Non evaso | U31: DDP | V31: VETTORE | W31: SAMMONTANA SPA | X31: 37030 VERONA | Y31: 5 | Z31: GRANELLE | AA31: 199 | AB31: MANDORLE PELATE TOSTATE | AC31: 120 | AD31: 5 | AE31: PRODOTTI DI BARTOLO | AF31: 1 | AG31: PRODOTTO FINITO | AH31: 1 | AJ31: 25OF025373-1 | AL31: No | AM31: 1 | AN31: martedì | AO31: venerdì | AP31: 5 | AQ31: =_xlfn.CONCAT(C31,"/",D31) -> 784/0 | AR31: =IF(D31=0,"DA CONTRATTO","SPOT") -> DA CONTRATTO | AS31: =IF(AD31=5,"P","C") -> P | AT31: =VLOOKUP(S31,'FILE PALLETTIZZAZIONI DB SRL'!B:H,5,FALSE) -> 32 | AU31: =TEXT(N31,"gggg") -> sabato | AV31: =WEEKNUM(N31) -> 0 | AW31: =IF(AND(ISBLANK(N31),AS31="P"), "ATTENZIONE: Data produzione non pianificata", IF(AND(ISBLANK(N31),AS31="C"), "ATTENZIONE: Data arrivo merce acquisti non presente", IF(O31-N31>=AP31, "Data sped. utile INSERITA", "ATTENZIONE: GG. resa non adeguati"))) -> ATTENZIONE: Data produzione non pianificata | AX31: =IF(ISBLANK(O31), "ATTENZIONE: Data non inserita", IF(O31<=param!B2, "ATTENZIONE: Ritardo, Avvertire il cliente", "Data cons. rich. INSERITA")) -> Data cons. rich. INSERITA | AY31: =IF(OR(ISBLANK(AP31),ISBLANK(AH31)), "ATTENZIONE: Vettore non associato", IF(V31="VETTORE", "Tipo spedizione: VETTORE", IF(V31="DESTINATARIO", "Tipo spedizione: DESTINATARIO", IF(ISBLANK(V31), "ATTENZIONE: Vettore vuoto", "?")))) -> Tipo spedizione: VETTORE | AZ31: =IF(AM31=1, "Città OK", "ATTENZIONE: CAP non presente") -> Città OK | BA31: ATTENZIONE: Giorno congruo presa vettore | BB31: =_xlfn.CONCAT(AW31," - ",AX31," - ",AY31," - ",AZ31," - ","Data: ",BA31) -> ATTENZIONE: Data produzione non pianificata - Data cons. rich. INSERITA - Tipo spedizione: VETTORE - Città OK - Data: ATTENZIONE: Giorno congruo presa vettore
A32: S | B32: 41 | C32: 785 | D32: 0 | E32: 45965 | F32: 363 | G32: SAMMONTANA SPA Società Benefit | H32: PP1010/P12 | I32: MPPA035 /P12 | J32: PASTA PISTACCHIO SL | K32: 1500 | M32: 1500 | O32: 46008 | P32: RUSTICO BRUNO | Q32: 8 | R32: 10 | S32: P12 | T32: Non evaso | U32: DDP | V32: VETTORE | W32: SAMMONTANA SPA | X32: 37030 VERONA | Y32: 5 | Z32: PASTE | AA32: 870 | AB32: PISTACCHIO | AC32: 235 | AD32: 5 | AE32: PRODOTTI DI BARTOLO | AF32: 1 | AG32: PRODOTTO FINITO | AH32: 1 | AJ32: 25OF025373-1 | AL32: No | AM32: 1 | AN32: martedì | AO32: venerdì | AP32: 5 | AQ32: =_xlfn.CONCAT(C32,"/",D32) -> 785/0 | AR32: =IF(D32=0,"DA CONTRATTO","SPOT") -> DA CONTRATTO | AS32: =IF(AD32=5,"P","C") -> P | AT32: =VLOOKUP(S32,'FILE PALLETTIZZAZIONI DB SRL'!B:H,5,FALSE) -> 2 | AU32: =TEXT(N32,"gggg") -> sabato | AV32: =WEEKNUM(N32) -> 0 | AW32: =IF(AND(ISBLANK(N32),AS32="P"), "ATTENZIONE: Data produzione non pianificata", IF(AND(ISBLANK(N32),AS32="C"), "ATTENZIONE: Data arrivo merce acquisti non presente", IF(O32-N32>=AP32, "Data sped. utile INSERITA", "ATTENZIONE: GG. resa non adeguati"))) -> ATTENZIONE: Data produzione non pianificata | AX32: =IF(ISBLANK(O32), "ATTENZIONE: Data non inserita", IF(O32<=param!B2, "ATTENZIONE: Ritardo, Avvertire il cliente", "Data cons. rich. INSERITA")) -> Data cons. rich. INSERITA | AY32: =IF(OR(ISBLANK(AP32),ISBLANK(AH32)), "ATTENZIONE: Vettore non associato", IF(V32="VETTORE", "Tipo spedizione: VETTORE", IF(V32="DESTINATARIO", "Tipo spedizione: DESTINATARIO", IF(ISBLANK(V32), "ATTENZIONE: Vettore vuoto", "?")))) -> Tipo spedizione: VETTORE | AZ32: =IF(AM32=1, "Città OK", "ATTENZIONE: CAP non presente") -> Città OK | BA32: ATTENZIONE: Giorno congruo presa vettore | BB32: =_xlfn.CONCAT(AW32," - ",AX32," - ",AY32," - ",AZ32," - ","Data: ",BA32) -> ATTENZIONE: Data produzione non pianificata - Data cons. rich. INSERITA - Tipo spedizione: VETTORE - Città OK - Data: ATTENZIONE: Giorno congruo presa vettore
A33: S | B33: 43 | C33: 786 | D33: 0 | E33: 45965 | F33: 363 | G33: SAMMONTANA SPA Società Benefit | H33: MPPA022ISCC/P12 | I33: MPPA065/P12 | J33: PASTA DI MANDORLE 100% ISCC PLUS-SG | K33: 2500 | M33: 2500 | O33: 46008 | P33: RUSTICO BRUNO | Q33: 8 | R33: 10 | S33: P12 | T33: Non evaso | U33: DDP | V33: VETTORE | W33: SAMMONTANA SPA | X33: 37030 VERONA | Y33: 5 | Z33: PASTE | AA33: 213 | AB33: MANDORLE | AC33: 235 | AD33: 5 | AE33: PRODOTTI DI BARTOLO | AF33: 1 | AG33: PRODOTTO FINITO | AH33: 1 | AJ33: 25OF025373-1 | AL33: No | AM33: 1 | AN33: martedì | AO33: venerdì | AP33: 5 | AQ33: =_xlfn.CONCAT(C33,"/",D33) -> 786/0 | AR33: =IF(D33=0,"DA CONTRATTO","SPOT") -> DA CONTRATTO | AS33: =IF(AD33=5,"P","C") -> P | AT33: =VLOOKUP(S33,'FILE PALLETTIZZAZIONI DB SRL'!B:H,5,FALSE) -> 2 | AU33: =TEXT(N33,"gggg") -> sabato | AV33: =WEEKNUM(N33) -> 0 | AW33: =IF(AND(ISBLANK(N33),AS33="P"), "ATTENZIONE: Data produzione non pianificata", IF(AND(ISBLANK(N33),AS33="C"), "ATTENZIONE: Data arrivo merce acquisti non presente", IF(O33-N33>=AP33, "Data sped. utile INSERITA", "ATTENZIONE: GG. resa non adeguati"))) -> ATTENZIONE: Data produzione non pianificata | AX33: =IF(ISBLANK(O33), "ATTENZIONE: Data non inserita", IF(O33<=param!B2, "ATTENZIONE: Ritardo, Avvertire il cliente", "Data cons. rich. INSERITA")) -> Data cons. rich. INSERITA | AY33: =IF(OR(ISBLANK(AP33),ISBLANK(AH33)), "ATTENZIONE: Vettore non associato", IF(V33="VETTORE", "Tipo spedizione: VETTORE", IF(V33="DESTINATARIO", "Tipo spedizione: DESTINATARIO", IF(ISBLANK(V33), "ATTENZIONE: Vettore vuoto", "?")))) -> Tipo spedizione: VETTORE | AZ33: =IF(AM33=1, "Città OK", "ATTENZIONE: CAP non presente") -> Città OK | BA33: ATTENZIONE: Giorno congruo presa vettore | BB33: =_xlfn.CONCAT(AW33," - ",AX33," - ",AY33," - ",AZ33," - ","Data: ",BA33) -> ATTENZIONE: Data produzione non pianificata - Data cons. rich. INSERITA - Tipo spedizione: VETTORE - Città OK - Data: ATTENZIONE: Giorno congruo presa vettore
A34: S | B34: 45 | C34: 795 | D34: 0 | E34: 45968 | F34: 363 | G34: SAMMONTANA SPA Società Benefit | H34: PPAPG2/P12 | I34: MPPA034/P12 | J34: PASTA PISTACCHIO U MPPA034 | K34: 1000 | M34: 1000 | O34: 46009 | P34: RUSTICO BRUNO | Q34: 8 | R34: 10 | S34: P12 | T34: Non evaso | U34: DDP | V34: VETTORE | W34: SAMMONTANA SPA | X34: 50053 EMPOLI FI | Y34: 5 | Z34: PASTE | AA34: 870 | AB34: PISTACCHIO | AC34: 235 | AD34: 5 | AE34: PRODOTTI DI BARTOLO | AF34: 1 | AG34: PRODOTTO FINITO | AH34: 1 | AJ34: 25OF025783-1 | AL34: No | AM34: 1 | AN34: martedì | AO34: venerdì | AP34: 5 | AQ34: =_xlfn.CONCAT(C34,"/",D34) -> 795/0 | AR34: =IF(D34=0,"DA CONTRATTO","SPOT") -> DA CONTRATTO | AS34: =IF(AD34=5,"P","C") -> P | AT34: =VLOOKUP(S34,'FILE PALLETTIZZAZIONI DB SRL'!B:H,5,FALSE) -> 2 | AU34: =TEXT(N34,"gggg") -> sabato | AV34: =WEEKNUM(N34) -> 0 | AW34: =IF(AND(ISBLANK(N34),AS34="P"), "ATTENZIONE: Data produzione non pianificata", IF(AND(ISBLANK(N34),AS34="C"), "ATTENZIONE: Data arrivo merce acquisti non presente", IF(O34-N34>=AP34, "Data sped. utile INSERITA", "ATTENZIONE: GG. resa non adeguati"))) -> ATTENZIONE: Data produzione non pianificata | AX34: =IF(ISBLANK(O34), "ATTENZIONE: Data non inserita", IF(O34<=param!B2, "ATTENZIONE: Ritardo, Avvertire il cliente", "Data cons. rich. INSERITA")) -> Data cons. rich. INSERITA | AY34: =IF(OR(ISBLANK(AP34),ISBLANK(AH34)), "ATTENZIONE: Vettore non associato", IF(V34="VETTORE", "Tipo spedizione: VETTORE", IF(V34="DESTINATARIO", "Tipo spedizione: DESTINATARIO", IF(ISBLANK(V34), "ATTENZIONE: Vettore vuoto", "?")))) -> Tipo spedizione: VETTORE | AZ34: =IF(AM34=1, "Città OK", "ATTENZIONE: CAP non presente") -> Città OK | BA34: ATTENZIONE: Giorno congruo presa vettore | BB34: =_xlfn.CONCAT(AW34," - ",AX34," - ",AY34," - ",AZ34," - ","Data: ",BA34) -> ATTENZIONE: Data produzione non pianificata - Data cons. rich. INSERITA - Tipo spedizione: VETTORE - Città OK - Data: ATTENZIONE: Giorno congruo presa vettore
A35: S | B35: 47 | C35: 817 | D35: 0 | E35: 45979 | F35: 363 | G35: SAMMONTANA SPA Società Benefit | H35: GRPST51225/G23 | I35: MPGR075/G23 | J35: GRANELLA DI PISTACCHIO SL | K35: 3200 | M35: 3200 | O35: 46036 | P35: RUSTICO BRUNO | S35: G23 | T35: Non evaso | U35: DDP | V35: VETTORE | W35: X LOGISTIC | X35: 37030 LAVAGNO (VR) | Y35: 5 | Z35: GRANELLE | AA35: 208 | AB35: PISTACCHI SGUSCIATI TOSTAT | AC35: 120 | AD35: 5 | AE35: PRODOTTI DI BARTOLO | AF35: 1 | AG35: PRODOTTO FINITO | AH35: 1 | AJ35: 25OF026395-1 | AL35: No | AM35: 1 | AN35: martedì | AO35: venerdì | AP35: 5 | AQ35: =_xlfn.CONCAT(C35,"/",D35) -> 817/0 | AR35: =IF(D35=0,"DA CONTRATTO","SPOT") -> DA CONTRATTO | AS35: =IF(AD35=5,"P","C") -> P | AT35: =VLOOKUP(S35,'FILE PALLETTIZZAZIONI DB SRL'!B:H,5,FALSE) -> 32 | AU35: =TEXT(N35,"gggg") -> sabato | AV35: =WEEKNUM(N35) -> 0 | AW35: =IF(AND(ISBLANK(N35),AS35="P"), "ATTENZIONE: Data produzione non pianificata", IF(AND(ISBLANK(N35),AS35="C"), "ATTENZIONE: Data arrivo merce acquisti non presente", IF(O35-N35>=AP35, "Data sped. utile INSERITA", "ATTENZIONE: GG. resa non adeguati"))) -> ATTENZIONE: Data produzione non pianificata | AX35: =IF(ISBLANK(O35), "ATTENZIONE: Data non inserita", IF(O35<=param!B2, "ATTENZIONE: Ritardo, Avvertire il cliente", "Data cons. rich. INSERITA")) -> Data cons. rich. INSERITA | AY35: =IF(OR(ISBLANK(AP35),ISBLANK(AH35)), "ATTENZIONE: Vettore non associato", IF(V35="VETTORE", "Tipo spedizione: VETTORE", IF(V35="DESTINATARIO", "Tipo spedizione: DESTINATARIO", IF(ISBLANK(V35), "ATTENZIONE: Vettore vuoto", "?")))) -> Tipo spedizione: VETTORE | AZ35: =IF(AM35=1, "Città OK", "ATTENZIONE: CAP non presente") -> Città OK | BA35: ATTENZIONE: Giorno congruo presa vettore | BB35: =_xlfn.CONCAT(AW35," - ",AX35," - ",AY35," - ",AZ35," - ","Data: ",BA35) -> ATTENZIONE: Data produzione non pianificata - Data cons. rich. INSERITA - Tipo spedizione: VETTORE - Città OK - Data: ATTENZIONE: Giorno congruo presa vettore
A36: S | B36: 49 | C36: 818 | D36: 0 | E36: 45979 | F36: 363 | G36: SAMMONTANA SPA Società Benefit | H36: GRPSTS51125/G23 | I36: MPGR232/G23 | J36: GRANELLA DI PISTACCHI MPGR232 CAL 2/5mm | K36: 1920 | M36: 1920 | P36: RUSTICO BRUNO | Q36: 8 | R36: 10 | S36: G23 | T36: Non evaso | U36: DDP | V36: VETTORE | W36: X LOGISTIC | X36: 37030 LAVAGNO (VR) | Y36: 5 | Z36: GRANELLE | AA36: 208 | AB36: PISTACCHI SGUSCIATI TOSTAT | AC36: 120 | AD36: 5 | AE36: PRODOTTI DI BARTOLO | AF36: 1 | AG36: PRODOTTO FINITO | AH36: 1 | AJ36: 25OF026395-1 | AL36: No | AM36: 1 | AN36: martedì | AO36: venerdì | AP36: 5 | AQ36: =_xlfn.CONCAT(C36,"/",D36) -> 818/0 | AR36: =IF(D36=0,"DA CONTRATTO","SPOT") -> DA CONTRATTO | AS36: =IF(AD36=5,"P","C") -> P | AT36: =VLOOKUP(S36,'FILE PALLETTIZZAZIONI DB SRL'!B:H,5,FALSE) -> 32 | AU36: =TEXT(N36,"gggg") -> sabato | AV36: =WEEKNUM(N36) -> 0 | AW36: =IF(AND(ISBLANK(N36),AS36="P"), "ATTENZIONE: Data produzione non pianificata", IF(AND(ISBLANK(N36),AS36="C"), "ATTENZIONE: Data arrivo merce acquisti non presente", IF(O36-N36>=AP36, "Data sped. utile INSERITA", "ATTENZIONE: GG. resa non adeguati"))) -> ATTENZIONE: Data produzione non pianificata | AX36: =IF(ISBLANK(O36), "ATTENZIONE: Data non inserita", IF(O36<=param!B2, "ATTENZIONE: Ritardo, Avvertire il cliente", "Data cons. rich. INSERITA")) -> ATTENZIONE: Data non inserita | AY36: =IF(OR(ISBLANK(AP36),ISBLANK(AH36)), "ATTENZIONE: Vettore non associato", IF(V36="VETTORE", "Tipo spedizione: VETTORE", IF(V36="DESTINATARIO", "Tipo spedizione: DESTINATARIO", IF(ISBLANK(V36), "ATTENZIONE: Vettore vuoto", "?")))) -> Tipo spedizione: VETTORE | AZ36: =IF(AM36=1, "Città OK", "ATTENZIONE: CAP non presente") -> Città OK | BA36: ATTENZIONE: Giorno congruo presa vettore | BB36: =_xlfn.CONCAT(AW36," - ",AX36," - ",AY36," - ",AZ36," - ","Data: ",BA36) -> ATTENZIONE: Data produzione non pianificata - ATTENZIONE: Data non inserita - Tipo spedizione: VETTORE - Città OK - Data: ATTENZIONE: Giorno congruo presa vettore
A37: S | B37: 51 | C37: 819 | D37: 0 | E37: 45979 | F37: 363 | G37: SAMMONTANA SPA Società Benefit | H37: GRPM50116/GP23 | I37: MPGR276/GP23 | J37: GRANELLA DI MANDORLA PRALINATA SALATA 1-6 MM | K37: 2304 | M37: 2304 | O37: 46036 | P37: RUSTICO BRUNO | Q37: 8 | R37: 10 | S37: GP23 | T37: Non evaso | U37: DDP | V37: VETTORE | W37: X LOGISTIC | X37: 37030 LAVAGNO (VR) | Y37: 5 | Z37: GRANELLE PRALINATE | AA37: 202 | AB37: MANDORLE SGUCIATE | AC37: 125 | AD37: 5 | AE37: PRODOTTI DI BARTOLO | AF37: 1 | AG37: PRODOTTO FINITO | AH37: 1 | AJ37: 25OF026395-1 | AL37: No | AM37: 1 | AN37: martedì | AO37: venerdì | AP37: 5 | AQ37: =_xlfn.CONCAT(C37,"/",D37) -> 819/0 | AR37: =IF(D37=0,"DA CONTRATTO","SPOT") -> DA CONTRATTO | AS37: =IF(AD37=5,"P","C") -> P | AT37: =VLOOKUP(S37,'FILE PALLETTIZZAZIONI DB SRL'!B:H,5,FALSE) -> 28.333333 | AU37: =TEXT(N37,"gggg") -> sabato | AV37: =WEEKNUM(N37) -> 0 | AW37: =IF(AND(ISBLANK(N37),AS37="P"), "ATTENZIONE: Data produzione non pianificata", IF(AND(ISBLANK(N37),AS37="C"), "ATTENZIONE: Data arrivo merce acquisti non presente", IF(O37-N37>=AP37, "Data sped. utile INSERITA", "ATTENZIONE: GG. resa non adeguati"))) -> ATTENZIONE: Data produzione non pianificata | AX37: =IF(ISBLANK(O37), "ATTENZIONE: Data non inserita", IF(O37<=param!B2, "ATTENZIONE: Ritardo, Avvertire il cliente", "Data cons. rich. INSERITA")) -> Data cons. rich. INSERITA | AY37: =IF(OR(ISBLANK(AP37),ISBLANK(AH37)), "ATTENZIONE: Vettore non associato", IF(V37="VETTORE", "Tipo spedizione: VETTORE", IF(V37="DESTINATARIO", "Tipo spedizione: DESTINATARIO", IF(ISBLANK(V37), "ATTENZIONE: Vettore vuoto", "?")))) -> Tipo spedizione: VETTORE | AZ37: =IF(AM37=1, "Città OK", "ATTENZIONE: CAP non presente") -> Città OK | BA37: ATTENZIONE: Giorno congruo presa vettore | BB37: =_xlfn.CONCAT(AW37," - ",AX37," - ",AY37," - ",AZ37," - ","Data: ",BA37) -> ATTENZIONE: Data produzione non pianificata - Data cons. rich. INSERITA - Tipo spedizione: VETTORE - Città OK - Data: ATTENZIONE: Giorno congruo presa vettore
A38: S | B38: 53 | C38: 820 | D38: 0 | E38: 45979 | F38: 363 | G38: SAMMONTANA SPA Società Benefit | H38: GRPP50116/G23 | I38: MPGR284/G23 | J38: GRANELLA DI PISTACCHIO PRALINATA SALATA 1-6 MM | K38: 2560 | M38: 2560 | O38: 46036 | P38: RUSTICO BRUNO | Q38: 8 | R38: 10 | S38: G23 | T38: Non evaso | U38: DDP | V38: VETTORE | W38: X LOGISTIC | X38: 37030 LAVAGNO (VR) | Y38: 5 | Z38: GRANELLE PRALINATE | AA38: 216 | AB38: PISTACCHI | AC38: 125 | AD38: 5 | AE38: PRODOTTI DI BARTOLO | AF38: 1 | AG38: PRODOTTO FINITO | AH38: 1 | AJ38: 25OF026395-1 | AL38: No | AM38: 1 | AN38: martedì | AO38: venerdì | AP38: 5 | AQ38: =_xlfn.CONCAT(C38,"/",D38) -> 820/0 | AR38: =IF(D38=0,"DA CONTRATTO","SPOT") -> DA CONTRATTO | AS38: =IF(AD38=5,"P","C") -> P | AT38: =VLOOKUP(S38,'FILE PALLETTIZZAZIONI DB SRL'!B:H,5,FALSE) -> 32 | AU38: =TEXT(N38,"gggg") -> sabato | AV38: =WEEKNUM(N38) -> 0 | AW38: =IF(AND(ISBLANK(N38),AS38="P"), "ATTENZIONE: Data produzione non pianificata", IF(AND(ISBLANK(N38),AS38="C"), "ATTENZIONE: Data arrivo merce acquisti non presente", IF(O38-N38>=AP38, "Data sped. utile INSERITA", "ATTENZIONE: GG. resa non adeguati"))) -> ATTENZIONE: Data produzione non pianificata | AX38: =IF(ISBLANK(O38), "ATTENZIONE: Data non inserita", IF(O38<=param!B2, "ATTENZIONE: Ritardo, Avvertire il cliente", "Data cons. rich. INSERITA")) -> Data cons. rich. INSERITA | AY38: =IF(OR(ISBLANK(AP38),ISBLANK(AH38)), "ATTENZIONE: Vettore non associato", IF(V38="VETTORE", "Tipo spedizione: VETTORE", IF(V38="DESTINATARIO", "Tipo spedizione: DESTINATARIO", IF(ISBLANK(V38), "ATTENZIONE: Vettore vuoto", "?")))) -> Tipo spedizione: VETTORE | AZ38: =IF(AM38=1, "Città OK", "ATTENZIONE: CAP non presente") -> Città OK | BA38: ATTENZIONE: Giorno congruo presa vettore | BB38: =_xlfn.CONCAT(AW38," - ",AX38," - ",AY38," - ",AZ38," - ","Data: ",BA38) -> ATTENZIONE: Data produzione non pianificata - Data cons. rich. INSERITA - Tipo spedizione: VETTORE - Città OK - Data: ATTENZIONE: Giorno congruo presa vettore
A39: S | B39: 55 | C39: 821 | D39: 0 | E39: 45979 | F39: 363 | G39: SAMMONTANA SPA Società Benefit | H39: GRPSTS51125/G23 | I39: MPGR232/G23 | J39: GRANELLA DI PISTACCHI MPGR232 CAL 2/5mm | K39: 3200 | M39: 3200 | O39: 46037 | P39: RUSTICO BRUNO | Q39: 8 | R39: 10 | S39: G23 | T39: Non evaso | U39: DDP | V39: VETTORE | W39: SAMMONTANA SPA | X39: 50053 EMPOLI FI | Y39: 5 | Z39: GRANELLE | AA39: 208 | AB39: PISTACCHI SGUSCIATI TOSTAT | AC39: 120 | AD39: 5 | AE39: PRODOTTI DI BARTOLO | AF39: 1 | AG39: PRODOTTO FINITO | AH39: 1 | AJ39: 25OF026267-1 | AL39: No | AM39: 1 | AN39: martedì | AO39: venerdì | AP39: 5 | AQ39: =_xlfn.CONCAT(C39,"/",D39) -> 821/0 | AR39: =IF(D39=0,"DA CONTRATTO","SPOT") -> DA CONTRATTO | AS39: =IF(AD39=5,"P","C") -> P | AT39: =VLOOKUP(S39,'FILE PALLETTIZZAZIONI DB SRL'!B:H,5,FALSE) -> 32 | AU39: =TEXT(N39,"gggg") -> sabato | AV39: =WEEKNUM(N39) -> 0 | AW39: =IF(AND(ISBLANK(N39),AS39="P"), "ATTENZIONE: Data produzione non pianificata", IF(AND(ISBLANK(N39),AS39="C"), "ATTENZIONE: Data arrivo merce acquisti non presente", IF(O39-N39>=AP39, "Data sped. utile INSERITA", "ATTENZIONE: GG. resa non adeguati"))) -> ATTENZIONE: Data produzione non pianificata | AX39: =IF(ISBLANK(O39), "ATTENZIONE: Data non inserita", IF(O39<=param!B2, "ATTENZIONE: Ritardo, Avvertire il cliente", "Data cons. rich. INSERITA")) -> Data cons. rich. INSERITA | AY39: =IF(OR(ISBLANK(AP39),ISBLANK(AH39)), "ATTENZIONE: Vettore non associato", IF(V39="VETTORE", "Tipo spedizione: VETTORE", IF(V39="DESTINATARIO", "Tipo spedizione: DESTINATARIO", IF(ISBLANK(V39), "ATTENZIONE: Vettore vuoto", "?")))) -> Tipo spedizione: VETTORE | AZ39: =IF(AM39=1, "Città OK", "ATTENZIONE: CAP non presente") -> Città OK | BA39: ATTENZIONE: Giorno congruo presa vettore | BB39: =_xlfn.CONCAT(AW39," - ",AX39," - ",AY39," - ",AZ39," - ","Data: ",BA39) -> ATTENZIONE: Data produzione non pianificata - Data cons. rich. INSERITA - Tipo spedizione: VETTORE - Città OK - Data: ATTENZIONE: Giorno congruo presa vettore
A40: S | B40: 57 | C40: 822 | D40: 0 | E40: 45979 | F40: 363 | G40: SAMMONTANA SPA Società Benefit | H40: PP1010/P12 | I40: MPPA035 /P12 | J40: PASTA PISTACCHIO SL | K40: 1000 | M40: 1000 | O40: 46037 | P40: RUSTICO BRUNO | Q40: 8 | R40: 10 | S40: P12 | T40: Non evaso | U40: DDP | V40: VETTORE | W40: SAMMONTANA SPA | X40: 50053 EMPOLI FI | Y40: 5 | Z40: PASTE | AA40: 870 | AB40: PISTACCHIO | AC40: 235 | AD40: 5 | AE40: PRODOTTI DI BARTOLO | AF40: 1 | AG40: PRODOTTO FINITO | AH40: 1 | AJ40: 25OF026267-1 | AL40: No | AM40: 1 | AN40: martedì | AO40: venerdì | AP40: 5 | AQ40: =_xlfn.CONCAT(C40,"/",D40) -> 822/0 | AR40: =IF(D40=0,"DA CONTRATTO","SPOT") -> DA CONTRATTO | AS40: =IF(AD40=5,"P","C") -> P | AT40: =VLOOKUP(S40,'FILE PALLETTIZZAZIONI DB SRL'!B:H,5,FALSE) -> 2 | AU40: =TEXT(N40,"gggg") -> sabato | AV40: =WEEKNUM(N40) -> 0 | AW40: =IF(AND(ISBLANK(N40),AS40="P"), "ATTENZIONE: Data produzione non pianificata", IF(AND(ISBLANK(N40),AS40="C"), "ATTENZIONE: Data arrivo merce acquisti non presente", IF(O40-N40>=AP40, "Data sped. utile INSERITA", "ATTENZIONE: GG. resa non adeguati"))) -> ATTENZIONE: Data produzione non pianificata | AX40: =IF(ISBLANK(O40), "ATTENZIONE: Data non inserita", IF(O40<=param!B2, "ATTENZIONE: Ritardo, Avvertire il cliente", "Data cons. rich. INSERITA")) -> Data cons. rich. INSERITA | AY40: =IF(OR(ISBLANK(AP40),ISBLANK(AH40)), "ATTENZIONE: Vettore non associato", IF(V40="VETTORE", "Tipo spedizione: VETTORE", IF(V40="DESTINATARIO", "Tipo spedizione: DESTINATARIO", IF(ISBLANK(V40), "ATTENZIONE: Vettore vuoto", "?")))) -> Tipo spedizione: VETTORE | AZ40: =IF(AM40=1, "Città OK", "ATTENZIONE: CAP non presente") -> Città OK | BA40: ATTENZIONE: Giorno congruo presa vettore | BB40: =_xlfn.CONCAT(AW40," - ",AX40," - ",AY40," - ",AZ40," - ","Data: ",BA40) -> ATTENZIONE: Data produzione non pianificata - Data cons. rich. INSERITA - Tipo spedizione: VETTORE - Città OK - Data: ATTENZIONE: Giorno congruo presa vettore
A41: S | B41: 59 | C41: 825 | D41: 0 | E41: 45979 | F41: 363 | G41: SAMMONTANA SPA Società Benefit | H41: GRPST51225/G23 | I41: MPGR075/G23 | J41: GRANELLA DI PISTACCHIO SL | K41: 2560 | M41: 2560 | O41: 46057 | P41: RUSTICO BRUNO | S41: G23 | T41: Non evaso | U41: DDP | V41: VETTORE | W41: X LOGISTIC | X41: 37030 LAVAGNO (VR) | Y41: 5 | Z41: GRANELLE | AA41: 208 | AB41: PISTACCHI SGUSCIATI TOSTAT | AC41: 120 | AD41: 5 | AE41: PRODOTTI DI BARTOLO | AF41: 1 | AG41: PRODOTTO FINITO | AH41: 1 | AJ41: 25OF026395-1 | AL41: No | AM41: 1 | AN41: martedì | AO41: venerdì | AP41: 5 | AQ41: =_xlfn.CONCAT(C41,"/",D41) -> 825/0 | AR41: =IF(D41=0,"DA CONTRATTO","SPOT") -> DA CONTRATTO | AS41: =IF(AD41=5,"P","C") -> P | AT41: =VLOOKUP(S41,'FILE PALLETTIZZAZIONI DB SRL'!B:H,5,FALSE) -> 32 | AU41: =TEXT(N41,"gggg") -> sabato | AV41: =WEEKNUM(N41) -> 0 | AW41: =IF(AND(ISBLANK(N41),AS41="P"), "ATTENZIONE: Data produzione non pianificata", IF(AND(ISBLANK(N41),AS41="C"), "ATTENZIONE: Data arrivo merce acquisti non presente", IF(O41-N41>=AP41, "Data sped. utile INSERITA", "ATTENZIONE: GG. resa non adeguati"))) -> ATTENZIONE: Data produzione non pianificata | AX41: =IF(ISBLANK(O41), "ATTENZIONE: Data non inserita", IF(O41<=param!B2, "ATTENZIONE: Ritardo, Avvertire il cliente", "Data cons. rich. INSERITA")) -> Data cons. rich. INSERITA | AY41: =IF(OR(ISBLANK(AP41),ISBLANK(AH41)), "ATTENZIONE: Vettore non associato", IF(V41="VETTORE", "Tipo spedizione: VETTORE", IF(V41="DESTINATARIO", "Tipo spedizione: DESTINATARIO", IF(ISBLANK(V41), "ATTENZIONE: Vettore vuoto", "?")))) -> Tipo spedizione: VETTORE | AZ41: =IF(AM41=1, "Città OK", "ATTENZIONE: CAP non presente") -> Città OK | BA41: ATTENZIONE: Giorno congruo presa vettore | BB41: =_xlfn.CONCAT(AW41," - ",AX41," - ",AY41," - ",AZ41," - ","Data: ",BA41) -> ATTENZIONE: Data produzione non pianificata - Data cons. rich. INSERITA - Tipo spedizione: VETTORE - Città OK - Data: ATTENZIONE: Giorno congruo presa vettore
A42: S | B42: 61 | C42: 828 | D42: 0 | E42: 45979 | F42: 363 | G42: SAMMONTANA SPA Società Benefit | H42: GRPST51225/G23 | I42: MPGR075/G23 | J42: GRANELLA DI PISTACCHIO SL | K42: 2560 | M42: 2560 | O42: 46078 | P42: RUSTICO BRUNO | S42: G23 | T42: Non evaso | U42: DDP | V42: VETTORE | W42: X LOGISTIC | X42: 37030 LAVAGNO (VR) | Y42: 5 | Z42: GRANELLE | AA42: 208 | AB42: PISTACCHI SGUSCIATI TOSTAT | AC42: 120 | AD42: 5 | AE42: PRODOTTI DI BARTOLO | AF42: 1 | AG42: PRODOTTO FINITO | AH42: 1 | AJ42: 25OF026395-1 | AL42: No | AM42: 1 | AN42: martedì | AO42: venerdì | AP42: 5 | AQ42: =_xlfn.CONCAT(C42,"/",D42) -> 828/0 | AR42: =IF(D42=0,"DA CONTRATTO","SPOT") -> DA CONTRATTO | AS42: =IF(AD42=5,"P","C") -> P | AT42: =VLOOKUP(S42,'FILE PALLETTIZZAZIONI DB SRL'!B:H,5,FALSE) -> 32 | AU42: =TEXT(N42,"gggg") -> sabato | AV42: =WEEKNUM(N42) -> 0 | AW42: =IF(AND(ISBLANK(N42),AS42="P"), "ATTENZIONE: Data produzione non pianificata", IF(AND(ISBLANK(N42),AS42="C"), "ATTENZIONE: Data arrivo merce acquisti non presente", IF(O42-N42>=AP42, "Data sped. utile INSERITA", "ATTENZIONE: GG. resa non adeguati"))) -> ATTENZIONE: Data produzione non pianificata | AX42: =IF(ISBLANK(O42), "ATTENZIONE: Data non inserita", IF(O42<=param!B2, "ATTENZIONE: Ritardo, Avvertire il cliente", "Data cons. rich. INSERITA")) -> Data cons. rich. INSERITA | AY42: =IF(OR(ISBLANK(AP42),ISBLANK(AH42)), "ATTENZIONE: Vettore non associato", IF(V42="VETTORE", "Tipo spedizione: VETTORE", IF(V42="DESTINATARIO", "Tipo spedizione: DESTINATARIO", IF(ISBLANK(V42), "ATTENZIONE: Vettore vuoto", "?")))) -> Tipo spedizione: VETTORE | AZ42: =IF(AM42=1, "Città OK", "ATTENZIONE: CAP non presente") -> Città OK | BA42: ATTENZIONE: Giorno congruo presa vettore | BB42: =_xlfn.CONCAT(AW42," - ",AX42," - ",AY42," - ",AZ42," - ","Data: ",BA42) -> ATTENZIONE: Data produzione non pianificata - Data cons. rich. INSERITA - Tipo spedizione: VETTORE - Città OK - Data: ATTENZIONE: Giorno congruo presa vettore
A43: S | B43: 63 | C43: 829 | D43: 0 | E43: 45979 | F43: 363 | G43: SAMMONTANA SPA Società Benefit | H43: GRPST51225/G23 | I43: MPGR075/G23 | J43: GRANELLA DI PISTACCHIO SL | K43: 2560 | M43: 2560 | O43: 46092 | P43: RUSTICO BRUNO | S43: G23 | T43: Non evaso | U43: DDP | V43: VETTORE | W43: X LOGISTIC | X43: 37030 LAVAGNO (VR) | Y43: 5 | Z43: GRANELLE | AA43: 208 | AB43: PISTACCHI SGUSCIATI TOSTAT | AC43: 120 | AD43: 5 | AE43: PRODOTTI DI BARTOLO | AF43: 1 | AG43: PRODOTTO FINITO | AH43: 1 | AJ43: 25OF026395-1 | AL43: No | AM43: 1 | AN43: martedì | AO43: venerdì | AP43: 5 | AQ43: =_xlfn.CONCAT(C43,"/",D43) -> 829/0 | AR43: =IF(D43=0,"DA CONTRATTO","SPOT") -> DA CONTRATTO | AS43: =IF(AD43=5,"P","C") -> P | AT43: =VLOOKUP(S43,'FILE PALLETTIZZAZIONI DB SRL'!B:H,5,FALSE) -> 32 | AU43: =TEXT(N43,"gggg") -> sabato | AV43: =WEEKNUM(N43) -> 0 | AW43: =IF(AND(ISBLANK(N43),AS43="P"), "ATTENZIONE: Data produzione non pianificata", IF(AND(ISBLANK(N43),AS43="C"), "ATTENZIONE: Data arrivo merce acquisti non presente", IF(O43-N43>=AP43, "Data sped. utile INSERITA", "ATTENZIONE: GG. resa non adeguati"))) -> ATTENZIONE: Data produzione non pianificata | AX43: =IF(ISBLANK(O43), "ATTENZIONE: Data non inserita", IF(O43<=param!B2, "ATTENZIONE: Ritardo, Avvertire il cliente", "Data cons. rich. INSERITA")) -> Data cons. rich. INSERITA | AY43: =IF(OR(ISBLANK(AP43),ISBLANK(AH43)), "ATTENZIONE: Vettore non associato", IF(V43="VETTORE", "Tipo spedizione: VETTORE", IF(V43="DESTINATARIO", "Tipo spedizione: DESTINATARIO", IF(ISBLANK(V43), "ATTENZIONE: Vettore vuoto", "?")))) -> Tipo spedizione: VETTORE | AZ43: =IF(AM43=1, "Città OK", "ATTENZIONE: CAP non presente") -> Città OK | BA43: ATTENZIONE: Giorno congruo presa vettore | BB43: =_xlfn.CONCAT(AW43," - ",AX43," - ",AY43," - ",AZ43," - ","Data: ",BA43) -> ATTENZIONE: Data produzione non pianificata - Data cons. rich. INSERITA - Tipo spedizione: VETTORE - Città OK - Data: ATTENZIONE: Giorno congruo presa vettore
A44: S | B44: 65 | C44: 551 | D44: 800 | E44: 45959 | F44: 373 | G44: GLACES DES ALPES | H44: PPDOP001/PP2.5 | I44: PPDOP001/PP2.5 | J44: PIST. PASTE WITH 100% GREEN PISTACHIO FROM BRONTE | K44: 2.5 | M44: 2.5 | O44: 45991 | P44: DHL EXPRESS ITALY S.R.L. | Q44: 8 | R44: 10 | S44: PP2.5 | T44: Non evaso | U44: DDP | V44: VETTORE | W44: GLACES DES ALPES | X44: 74350 ALLONIZER LA CAI | Y44: 5 | Z44: PASTE | AA44: 870 | AB44: PISTACCHIO | AC44: 235 | AD44: 5 | AE44: PRODOTTI DI BARTOLO | AF44: 1 | AG44: PRODOTTO FINITO | AH44: 5 | AJ44: 551/OP | AK44: 45979 | AL44: Sì | AM44: 1 | AQ44: =_xlfn.CONCAT(C44,"/",D44) -> 551/800 | AR44: =IF(D44=0,"DA CONTRATTO","SPOT") -> SPOT | AS44: =IF(AD44=5,"P","C") -> P | AT44: =VLOOKUP(S44,'FILE PALLETTIZZAZIONI DB SRL'!B:H,5,FALSE) -> 2 | AU44: =TEXT(N44,"gggg") -> sabato | AV44: =WEEKNUM(N44) -> 0 | AW44: =IF(AND(ISBLANK(N44),AS44="P"), "ATTENZIONE: Data produzione non pianificata", IF(AND(ISBLANK(N44),AS44="C"), "ATTENZIONE: Data arrivo merce acquisti non presente", IF(O44-N44>=AP44, "Data sped. utile INSERITA", "ATTENZIONE: GG. resa non adeguati"))) -> ATTENZIONE: Data produzione non pianificata | AX44: =IF(ISBLANK(O44), "ATTENZIONE: Data non inserita", IF(O44<=param!B2, "ATTENZIONE: Ritardo, Avvertire il cliente", "Data cons. rich. INSERITA")) -> Data cons. rich. INSERITA | AY44: =IF(OR(ISBLANK(AP44),ISBLANK(AH44)), "ATTENZIONE: Vettore non associato", IF(V44="VETTORE", "Tipo spedizione: VETTORE", IF(V44="DESTINATARIO", "Tipo spedizione: DESTINATARIO", IF(ISBLANK(V44), "ATTENZIONE: Vettore vuoto", "?")))) -> ATTENZIONE: Vettore non associato | AZ44: =IF(AM44=1, "Città OK", "ATTENZIONE: CAP non presente") -> Città OK | BA44: ATTENZIONE: Giorno congruo presa vettore | BB44: =_xlfn.CONCAT(AW44," - ",AX44," - ",AY44," - ",AZ44," - ","Data: ",BA44) -> ATTENZIONE: Data produzione non pianificata - Data cons. rich. INSERITA - ATTENZIONE: Vettore non associato - Città OK - Data: ATTENZIONE: Giorno congruo presa vettore
A45: S | B45: 66 | C45: 564 | D45: 800 | E45: 45972 | F45: 394 | G45: C.D.T. TOMARCHIO SRL | H45: MPNOCPT90/CT21 | I45: _MP301/CT21 | J45: NOCCIOLE TOSTATE IT CAL. 13/15 MM | K45: 500 | M45: 500 | O45: 46001 | P45: RUSTICO BRUNO | S45: CT21 | T45: Non evaso | U45: DDP | V45: VETTORE | W45: C.D.T. TOMARCHIO SRL | X45: 95045 MISTERBIANCO CT | Y45: 4 | Z45: NOCCIOLE | AA45: 830 | AB45: PELATE TOSTATE | AC45: 200 | AD45: 4 | AE45: PRODOTTI COMMERCIALIZZATI | AF45: 7 | AG45: MATERIA PRIMA | AH45: 1 | AJ45: 564/OP | AK45: 45982 | AL45: No | AM45: 1 | AN45: martedì | AO45: venerdì | AP45: 5 | AQ45: =_xlfn.CONCAT(C45,"/",D45) -> 564/800 | AR45: =IF(D45=0,"DA CONTRATTO","SPOT") -> SPOT | AS45: =IF(AD45=5,"P","C") -> C | AT45: =VLOOKUP(S45,'FILE PALLETTIZZAZIONI DB SRL'!B:H,5,FALSE) -> 32 | AU45: =TEXT(N45,"gggg") -> sabato | AV45: =WEEKNUM(N45) -> 0 | AW45: =IF(AND(ISBLANK(N45),AS45="P"), "ATTENZIONE: Data produzione non pianificata", IF(AND(ISBLANK(N45),AS45="C"), "ATTENZIONE: Data arrivo merce acquisti non presente", IF(O45-N45>=AP45, "Data sped. utile INSERITA", "ATTENZIONE: GG. resa non adeguati"))) -> ATTENZIONE: Data arrivo merce acquisti non presente | AX45: =IF(ISBLANK(O45), "ATTENZIONE: Data non inserita", IF(O45<=param!B2, "ATTENZIONE: Ritardo, Avvertire il cliente", "Data cons. rich. INSERITA")) -> Data cons. rich. INSERITA | AY45: =IF(OR(ISBLANK(AP45),ISBLANK(AH45)), "ATTENZIONE: Vettore non associato", IF(V45="VETTORE", "Tipo spedizione: VETTORE", IF(V45="DESTINATARIO", "Tipo spedizione: DESTINATARIO", IF(ISBLANK(V45), "ATTENZIONE: Vettore vuoto", "?")))) -> Tipo spedizione: VETTORE | AZ45: =IF(AM45=1, "Città OK", "ATTENZIONE: CAP non presente") -> Città OK | BA45: ATTENZIONE: Giorno congruo presa vettore | BB45: =_xlfn.CONCAT(AW45," - ",AX45," - ",AY45," - ",AZ45," - ","Data: ",BA45) -> ATTENZIONE: Data arrivo merce acquisti non presente - Data cons. rich. INSERITA - Tipo spedizione: VETTORE - Città OK - Data: ATTENZIONE: Giorno congruo presa vettore
A46: S | B46: 67 | C46: 568 | D46: 800 | E46: 45975 | F46: 394 | G46: C.D.T. TOMARCHIO SRL | H46: PP1070/P11 | I46: PP1070/P11 | J46: PASTA PISTACCHIO S | K46: 100 | M46: 100 | O46: 45989 | P46: RUSTICO BRUNO | Q46: 8 | R46: 10 | S46: P11 | T46: Non evaso | U46: DDP | V46: VETTORE | W46: C.D.T. TOMARCHIO SRL | X46: 95045 MISTERBIANCO CT | Y46: 5 | Z46: PASTE | AA46: 870 | AB46: PISTACCHIO | AC46: 235 | AD46: 5 | AE46: PRODOTTI DI BARTOLO | AF46: 1 | AG46: PRODOTTO FINITO | AH46: 1 | AJ46: 568/OP | AK46: 45989 | AL46: No | AM46: 1 | AN46: martedì | AO46: venerdì | AP46: 5 | AQ46: =_xlfn.CONCAT(C46,"/",D46) -> 568/800 | AR46: =IF(D46=0,"DA CONTRATTO","SPOT") -> SPOT | AS46: =IF(AD46=5,"P","C") -> P | AT46: =VLOOKUP(S46,'FILE PALLETTIZZAZIONI DB SRL'!B:H,5,FALSE) -> 2 | AU46: =TEXT(N46,"gggg") -> sabato | AV46: =WEEKNUM(N46) -> 0 | AW46: =IF(AND(ISBLANK(N46),AS46="P"), "ATTENZIONE: Data produzione non pianificata", IF(AND(ISBLANK(N46),AS46="C"), "ATTENZIONE: Data arrivo merce acquisti non presente", IF(O46-N46>=AP46, "Data sped. utile INSERITA", "ATTENZIONE: GG. resa non adeguati"))) -> ATTENZIONE: Data produzione non pianificata | AX46: =IF(ISBLANK(O46), "ATTENZIONE: Data non inserita", IF(O46<=param!B2, "ATTENZIONE: Ritardo, Avvertire il cliente", "Data cons. rich. INSERITA")) -> Data cons. rich. INSERITA | AY46: =IF(OR(ISBLANK(AP46),ISBLANK(AH46)), "ATTENZIONE: Vettore non associato", IF(V46="VETTORE", "Tipo spedizione: VETTORE", IF(V46="DESTINATARIO", "Tipo spedizione: DESTINATARIO", IF(ISBLANK(V46), "ATTENZIONE: Vettore vuoto", "?")))) -> Tipo spedizione: VETTORE | AZ46: =IF(AM46=1, "Città OK", "ATTENZIONE: CAP non presente") -> Città OK | BA46: ATTENZIONE: Giorno congruo presa vettore | BB46: =_xlfn.CONCAT(AW46," - ",AX46," - ",AY46," - ",AZ46," - ","Data: ",BA46) -> ATTENZIONE: Data produzione non pianificata - Data cons. rich. INSERITA - Tipo spedizione: VETTORE - Città OK - Data: ATTENZIONE: Giorno congruo presa vettore
A47: S | B47: 68 | C47: 569 | D47: 800 | E47: 45975 | F47: 394 | G47: C.D.T. TOMARCHIO SRL | H47: ARPAN001/F10 | I47: MP10/F10 | J47: AROMA PANETTONE | K47: 50 | M47: 50 | O47: 45989 | P47: RUSTICO BRUNO | Q47: 8 | R47: 10 | S47: F10 | T47: Non evaso | U47: DDP | V47: VETTORE | W47: C.D.T. TOMARCHIO SRL | X47: 95045 MISTERBIANCO CT | Y47: 6 | Z47: AROMI | AA47: 800 | AB47: PANETTONE | AC47: 30 | AD47: 6 | AE47: PRODOTTI MIRITZ | AF47: 1 | AG47: PRODOTTO FINITO | AH47: 1 | AJ47: 569/OP | AK47: 45989 | AL47: No | AM47: 1 | AN47: martedì | AO47: venerdì | AP47: 5 | AQ47: =_xlfn.CONCAT(C47,"/",D47) -> 569/800 | AR47: =IF(D47=0,"DA CONTRATTO","SPOT") -> SPOT | AS47: =IF(AD47=5,"P","C") -> C | AT47: =VLOOKUP(S47,'FILE PALLETTIZZAZIONI DB SRL'!B:H,5,FALSE) -> 2 | AU47: =TEXT(N47,"gggg") -> sabato | AV47: =WEEKNUM(N47) -> 0 | AW47: =IF(AND(ISBLANK(N47),AS47="P"), "ATTENZIONE: Data produzione non pianificata", IF(AND(ISBLANK(N47),AS47="C"), "ATTENZIONE: Data arrivo merce acquisti non presente", IF(O47-N47>=AP47, "Data sped. utile INSERITA", "ATTENZIONE: GG. resa non adeguati"))) -> ATTENZIONE: Data arrivo merce acquisti non presente | AX47: =IF(ISBLANK(O47), "ATTENZIONE: Data non inserita", IF(O47<=param!B2, "ATTENZIONE: Ritardo, Avvertire il cliente", "Data cons. rich. INSERITA")) -> Data cons. rich. INSERITA | AY47: =IF(OR(ISBLANK(AP47),ISBLANK(AH47)), "ATTENZIONE: Vettore non associato", IF(V47="VETTORE", "Tipo spedizione: VETTORE", IF(V47="DESTINATARIO", "Tipo spedizione: DESTINATARIO", IF(ISBLANK(V47), "ATTENZIONE: Vettore vuoto", "?")))) -> Tipo spedizione: VETTORE | AZ47: =IF(AM47=1, "Città OK", "ATTENZIONE: CAP non presente") -> Città OK | BA47: ATTENZIONE: Giorno congruo presa vettore | BB47: =_xlfn.CONCAT(AW47," - ",AX47," - ",AY47," - ",AZ47," - ","Data: ",BA47) -> ATTENZIONE: Data arrivo merce acquisti non presente - Data cons. rich. INSERITA - Tipo spedizione: VETTORE - Città OK - Data: ATTENZIONE: Giorno congruo presa vettore
A48: S | B48: 72 | C48: 790 | D48: 0 | E48: 45966 | F48: 419 | G48: FASSI ISTITUTO BIOFARMACEUTICO SPA | H48: OE.LIM.BIO/F05 | I48: OE.LIM.BIO | J48: OLIO ESSENZIALE DI LIMONE SICILIA BIOLOGICO | K48: 50 | M48: 50 | O48: 45987 | P48: MAIL BOXES ETC | Q48: 8 | R48: 10 | S48: F05 | T48: Non evaso | U48: DDP | V48: VETTORE | W48: FASSI ISTITUTO BIOFARM | X48: 18027 CHIUSANICO IM | Y48: 6 | Z48: OLI ESSENZIALI | AA48: 635 | AB48: LIMONE | AC48: 215 | AD48: 6 | AE48: PRODOTTI MIRITZ | AF48: 1 | AG48: PRODOTTO FINITO | AH48: 35 | AJ48: 790/OP | AL48: No | AM48: 1 | AQ48: =_xlfn.CONCAT(C48,"/",D48) -> 790/0 | AR48: =IF(D48=0,"DA CONTRATTO","SPOT") -> DA CONTRATTO | AS48: =IF(AD48=5,"P","C") -> C | AT48: =VLOOKUP(S48,'FILE PALLETTIZZAZIONI DB SRL'!B:H,5,FALSE) -> #N/A | AU48: =TEXT(N48,"gggg") -> sabato | AV48: =WEEKNUM(N48) -> 0 | AW48: =IF(AND(ISBLANK(N48),AS48="P"), "ATTENZIONE: Data produzione non pianificata", IF(AND(ISBLANK(N48),AS48="C"), "ATTENZIONE: Data arrivo merce acquisti non presente", IF(O48-N48>=AP48, "Data sped. utile INSERITA", "ATTENZIONE: GG. resa non adeguati"))) -> ATTENZIONE: Data arrivo merce acquisti non presente | AX48: =IF(ISBLANK(O48), "ATTENZIONE: Data non inserita", IF(O48<=param!B2, "ATTENZIONE: Ritardo, Avvertire il cliente", "Data cons. rich. INSERITA")) -> Data cons. rich. INSERITA | AY48: =IF(OR(ISBLANK(AP48),ISBLANK(AH48)), "ATTENZIONE: Vettore non associato", IF(V48="VETTORE", "Tipo spedizione: VETTORE", IF(V48="DESTINATARIO", "Tipo spedizione: DESTINATARIO", IF(ISBLANK(V48), "ATTENZIONE: Vettore vuoto", "?")))) -> ATTENZIONE: Vettore non associato | AZ48: =IF(AM48=1, "Città OK", "ATTENZIONE: CAP non presente") -> Città OK | BA48: ATTENZIONE: Giorno congruo presa vettore | BB48: =_xlfn.CONCAT(AW48," - ",AX48," - ",AY48," - ",AZ48," - ","Data: ",BA48) -> ATTENZIONE: Data arrivo merce acquisti non presente - Data cons. rich. INSERITA - ATTENZIONE: Vettore non associato - Città OK - Data: ATTENZIONE: Giorno congruo presa vettore
A49: S | B49: 73 | C49: 787 | D49: 0 | E49: 45965 | F49: 426 | G49: FABBRI 1905 SPA | H49: PC6570/P13 | I49: 0156450/P13 | J49: CAFFE' PASTA OLEOSA | K49: 500 | M49: 500 | O49: 46000 | P49: RUSTICO BRUNO | Q49: 8 | R49: 10 | S49: P13 | T49: Non evaso | U49: DDP | V49: VETTORE | W49: FABBRI 1905 SPA | X49: 40011 ANZOLA DELL'EMIL | Y49: 5 | Z49: PASTE | AA49: 230 | AB49: CAFFE' | AC49: 235 | AD49: 5 | AE49: PRODOTTI DI BARTOLO | AF49: 1 | AG49: PRODOTTO FINITO | AH49: 1 | AJ49: P250008306-1 | AL49: No | AM49: 1 | AN49: martedì | AO49: venerdì | AP49: 5 | AQ49: =_xlfn.CONCAT(C49,"/",D49) -> 787/0 | AR49: =IF(D49=0,"DA CONTRATTO","SPOT") -> DA CONTRATTO | AS49: =IF(AD49=5,"P","C") -> P | AT49: =VLOOKUP(S49,'FILE PALLETTIZZAZIONI DB SRL'!B:H,5,FALSE) -> 15 | AU49: =TEXT(N49,"gggg") -> sabato | AV49: =WEEKNUM(N49) -> 0 | AW49: =IF(AND(ISBLANK(N49),AS49="P"), "ATTENZIONE: Data produzione non pianificata", IF(AND(ISBLANK(N49),AS49="C"), "ATTENZIONE: Data arrivo merce acquisti non presente", IF(O49-N49>=AP49, "Data sped. utile INSERITA", "ATTENZIONE: GG. resa non adeguati"))) -> ATTENZIONE: Data produzione non pianificata | AX49: =IF(ISBLANK(O49), "ATTENZIONE: Data non inserita", IF(O49<=param!B2, "ATTENZIONE: Ritardo, Avvertire il cliente", "Data cons. rich. INSERITA")) -> Data cons. rich. INSERITA | AY49: =IF(OR(ISBLANK(AP49),ISBLANK(AH49)), "ATTENZIONE: Vettore non associato", IF(V49="VETTORE", "Tipo spedizione: VETTORE", IF(V49="DESTINATARIO", "Tipo spedizione: DESTINATARIO", IF(ISBLANK(V49), "ATTENZIONE: Vettore vuoto", "?")))) -> Tipo spedizione: VETTORE | AZ49: =IF(AM49=1, "Città OK", "ATTENZIONE: CAP non presente") -> Città OK | BA49: ATTENZIONE: Giorno congruo presa vettore | BB49: =_xlfn.CONCAT(AW49," - ",AX49," - ",AY49," - ",AZ49," - ","Data: ",BA49) -> ATTENZIONE: Data produzione non pianificata - Data cons. rich. INSERITA - Tipo spedizione: VETTORE - Città OK - Data: ATTENZIONE: Giorno congruo presa vettore
A50: S | B50: 74 | C50: 787 | D50: 0 | E50: 45965 | F50: 426 | G50: FABBRI 1905 SPA | H50: PC6570/PP05 | I50: 0156450/PP05 | J50: CAFFE' PASTA OLEOSA | K50: 0.5 | M50: 0.5 | O50: 46000 | P50: RUSTICO BRUNO | Q50: 8 | R50: 10 | S50: PP05 | T50: Non evaso | U50: DDP | V50: VETTORE | W50: FABBRI 1905 SPA | X50: 40011 ANZOLA DELL'EMIL | Y50: 5 | Z50: PASTE | AA50: 230 | AB50: CAFFE' | AC50: 235 | AD50: 5 | AE50: PRODOTTI DI BARTOLO | AF50: 1 | AG50: PRODOTTO FINITO | AH50: 1 | AJ50: P250008306-1 | AL50: No | AM50: 1 | AN50: martedì | AO50: venerdì | AP50: 5 | AQ50: =_xlfn.CONCAT(C50,"/",D50) -> 787/0 | AR50: =IF(D50=0,"DA CONTRATTO","SPOT") -> DA CONTRATTO | AS50: =IF(AD50=5,"P","C") -> P | AT50: =VLOOKUP(S50,'FILE PALLETTIZZAZIONI DB SRL'!B:H,5,FALSE) -> #N/A | AU50: =TEXT(N50,"gggg") -> sabato | AV50: =WEEKNUM(N50) -> 0 | AW50: =IF(AND(ISBLANK(N50),AS50="P"), "ATTENZIONE: Data produzione non pianificata", IF(AND(ISBLANK(N50),AS50="C"), "ATTENZIONE: Data arrivo merce acquisti non presente", IF(O50-N50>=AP50, "Data sped. utile INSERITA", "ATTENZIONE: GG. resa non adeguati"))) -> ATTENZIONE: Data produzione non pianificata | AX50: =IF(ISBLANK(O50), "ATTENZIONE: Data non inserita", IF(O50<=param!B2, "ATTENZIONE: Ritardo, Avvertire il cliente", "Data cons. rich. INSERITA")) -> Data cons. rich. INSERITA | AY50: =IF(OR(ISBLANK(AP50),ISBLANK(AH50)), "ATTENZIONE: Vettore non associato", IF(V50="VETTORE", "Tipo spedizione: VETTORE", IF(V50="DESTINATARIO", "Tipo spedizione: DESTINATARIO", IF(ISBLANK(V50), "ATTENZIONE: Vettore vuoto", "?")))) -> Tipo spedizione: VETTORE | AZ50: =IF(AM50=1, "Città OK", "ATTENZIONE: CAP non presente") -> Città OK | BA50: ATTENZIONE: Giorno congruo presa vettore | BB50: =_xlfn.CONCAT(AW50," - ",AX50," - ",AY50," - ",AZ50," - ","Data: ",BA50) -> ATTENZIONE: Data produzione non pianificata - Data cons. rich. INSERITA - Tipo spedizione: VETTORE - Città OK - Data: ATTENZIONE: Giorno congruo presa vettore
A51: S | B51: 75 | C51: 806 | D51: 0 | E51: 45975 | F51: 466 | G51: UNIGRA S.p.A | H51: PLM2086/P31 | I51: M 5704LMF/P31 | J51: PASTA LATTE DI MANDORLA 200 KG FUSTI | K51: 12400 | M51: 12400 | O51: 46009 | P51: RUSTICO BRUNO | Q51: 8 | R51: 10 | S51: P31 | T51: Non evaso | U51: DDP | V51: VETTORE | W51: UNIGRA S.R.L. | X51: 48017 CONSELICE RA | Y51: 5 | Z51: PASTE | AA51: 213 | AB51: MANDORLE | AC51: 235 | AD51: 5 | AE51: PRODOTTI DI BARTOLO | AF51: 1 | AG51: PRODOTTO FINITO | AH51: 1 | AJ51: 4300399501 | AL51: No | AM51: 1 | AN51: martedì | AO51: venerdì | AP51: 5 | AQ51: =_xlfn.CONCAT(C51,"/",D51) -> 806/0 | AR51: =IF(D51=0,"DA CONTRATTO","SPOT") -> DA CONTRATTO | AS51: =IF(AD51=5,"P","C") -> P | AT51: =VLOOKUP(S51,'FILE PALLETTIZZAZIONI DB SRL'!B:H,5,FALSE) -> 2 | AU51: =TEXT(N51,"gggg") -> sabato | AV51: =WEEKNUM(N51) -> 0 | AW51: =IF(AND(ISBLANK(N51),AS51="P"), "ATTENZIONE: Data produzione non pianificata", IF(AND(ISBLANK(N51),AS51="C"), "ATTENZIONE: Data arrivo merce acquisti non presente", IF(O51-N51>=AP51, "Data sped. utile INSERITA", "ATTENZIONE: GG. resa non adeguati"))) -> ATTENZIONE: Data produzione non pianificata | AX51: =IF(ISBLANK(O51), "ATTENZIONE: Data non inserita", IF(O51<=param!B2, "ATTENZIONE: Ritardo, Avvertire il cliente", "Data cons. rich. INSERITA")) -> Data cons. rich. INSERITA | AY51: =IF(OR(ISBLANK(AP51),ISBLANK(AH51)), "ATTENZIONE: Vettore non associato", IF(V51="VETTORE", "Tipo spedizione: VETTORE", IF(V51="DESTINATARIO", "Tipo spedizione: DESTINATARIO", IF(ISBLANK(V51), "ATTENZIONE: Vettore vuoto", "?")))) -> Tipo spedizione: VETTORE | AZ51: =IF(AM51=1, "Città OK", "ATTENZIONE: CAP non presente") -> Città OK | BA51: ATTENZIONE: Giorno congruo presa vettore | BB51: =_xlfn.CONCAT(AW51," - ",AX51," - ",AY51," - ",AZ51," - ","Data: ",BA51) -> ATTENZIONE: Data produzione non pianificata - Data cons. rich. INSERITA - Tipo spedizione: VETTORE - Città OK - Data: ATTENZIONE: Giorno congruo presa vettore
A52: S | B52: 76 | C52: 806 | D52: 0 | E52: 45975 | F52: 466 | G52: UNIGRA S.p.A | H52: PLM2086/PP1 | I52: M5704LMF/PP1 | J52: PASTA LATTE DI MANDORLA | K52: 1 | M52: 1 | O52: 46009 | P52: RUSTICO BRUNO | Q52: 8 | R52: 10 | S52: PP1 | T52: Non evaso | U52: DDP | V52: VETTORE | W52: UNIGRA S.R.L. | X52: 48017 CONSELICE RA | Y52: 5 | Z52: PASTE | AA52: 213 | AB52: MANDORLE | AC52: 235 | AD52: 5 | AE52: PRODOTTI DI BARTOLO | AF52: 1 | AG52: PRODOTTO FINITO | AH52: 1 | AJ52: 4300399501 | AL52: No | AM52: 1 | AN52: martedì | AO52: venerdì | AP52: 5 | AQ52: =_xlfn.CONCAT(C52,"/",D52) -> 806/0 | AR52: =IF(D52=0,"DA CONTRATTO","SPOT") -> DA CONTRATTO | AS52: =IF(AD52=5,"P","C") -> P | AT52: =VLOOKUP(S52,'FILE PALLETTIZZAZIONI DB SRL'!B:H,5,FALSE) -> 5 | AU52: =TEXT(N52,"gggg") -> sabato | AV52: =WEEKNUM(N52) -> 0 | AW52: =IF(AND(ISBLANK(N52),AS52="P"), "ATTENZIONE: Data produzione non pianificata", IF(AND(ISBLANK(N52),AS52="C"), "ATTENZIONE: Data arrivo merce acquisti non presente", IF(O52-N52>=AP52, "Data sped. utile INSERITA", "ATTENZIONE: GG. resa non adeguati"))) -> ATTENZIONE: Data produzione non pianificata | AX52: =IF(ISBLANK(O52), "ATTENZIONE: Data non inserita", IF(O52<=param!B2, "ATTENZIONE: Ritardo, Avvertire il cliente", "Data cons. rich. INSERITA")) -> Data cons. rich. INSERITA | AY52: =IF(OR(ISBLANK(AP52),ISBLANK(AH52)), "ATTENZIONE: Vettore non associato", IF(V52="VETTORE", "Tipo spedizione: VETTORE", IF(V52="DESTINATARIO", "Tipo spedizione: DESTINATARIO", IF(ISBLANK(V52), "ATTENZIONE: Vettore vuoto", "?")))) -> Tipo spedizione: VETTORE | AZ52: =IF(AM52=1, "Città OK", "ATTENZIONE: CAP non presente") -> Città OK | BA52: ATTENZIONE: Giorno congruo presa vettore | BB52: =_xlfn.CONCAT(AW52," - ",AX52," - ",AY52," - ",AZ52," - ","Data: ",BA52) -> ATTENZIONE: Data produzione non pianificata - Data cons. rich. INSERITA - Tipo spedizione: VETTORE - Città OK - Data: ATTENZIONE: Giorno congruo presa vettore
A53: S | B53: 77 | C53: 566 | D53: 800 | E53: 45973 | F53: 475 | G53: HANSENS FLODEIS | H53: PP2019B/P21 | I53: PP2019B | J53: ORGANIC PISTACHIO PASTE | K53: 400 | M53: 400 | O53: 45989 | P53: STEF Italia S.p.A. | Q53: 8 | R53: 10 | S53: P21 | T53: Non evaso | U53: DDP | V53: VETTORE | W53: HANSENS FLODEIS | X53: 3630 JAEGERPRIS (DANIM | Y53: 5 | Z53: PASTE | AA53: 309 | AB53: PISTACCHI BIO | AC53: 235 | AD53: 5 | AE53: PRODOTTI DI BARTOLO | AF53: 1 | AG53: PRODOTTO FINITO | AH53: 45 | AJ53: 566/OP | AK53: 45982 | AL53: Sì | AM53: 1 | AQ53: =_xlfn.CONCAT(C53,"/",D53) -> 566/800 | AR53: =IF(D53=0,"DA CONTRATTO","SPOT") -> SPOT | AS53: =IF(AD53=5,"P","C") -> P | AT53: =VLOOKUP(S53,'FILE PALLETTIZZAZIONI DB SRL'!B:H,5,FALSE) -> 2 | AU53: =TEXT(N53,"gggg") -> sabato | AV53: =WEEKNUM(N53) -> 0 | AW53: =IF(AND(ISBLANK(N53),AS53="P"), "ATTENZIONE: Data produzione non pianificata", IF(AND(ISBLANK(N53),AS53="C"), "ATTENZIONE: Data arrivo merce acquisti non presente", IF(O53-N53>=AP53, "Data sped. utile INSERITA", "ATTENZIONE: GG. resa non adeguati"))) -> ATTENZIONE: Data produzione non pianificata | AX53: =IF(ISBLANK(O53), "ATTENZIONE: Data non inserita", IF(O53<=param!B2, "ATTENZIONE: Ritardo, Avvertire il cliente", "Data cons. rich. INSERITA")) -> Data cons. rich. INSERITA | AY53: =IF(OR(ISBLANK(AP53),ISBLANK(AH53)), "ATTENZIONE: Vettore non associato", IF(V53="VETTORE", "Tipo spedizione: VETTORE", IF(V53="DESTINATARIO", "Tipo spedizione: DESTINATARIO", IF(ISBLANK(V53), "ATTENZIONE: Vettore vuoto", "?")))) -> ATTENZIONE: Vettore non associato | AZ53: =IF(AM53=1, "Città OK", "ATTENZIONE: CAP non presente") -> Città OK | BA53: ATTENZIONE: Giorno congruo presa vettore | BB53: =_xlfn.CONCAT(AW53," - ",AX53," - ",AY53," - ",AZ53," - ","Data: ",BA53) -> ATTENZIONE: Data produzione non pianificata - Data cons. rich. INSERITA - ATTENZIONE: Vettore non associato - Città OK - Data: ATTENZIONE: Giorno congruo presa vettore
A54: S | B54: 78 | C54: 801 | D54: 0 | E54: 45972 | F54: 477 | G54: COMPRITAL SPA | H54: PMPT2071/P11 | I54: M1262/P11 | J54: PASTA DI MANDORLE PELATE TOSTATE KG. 20 | K54: 700 | M54: 700 | O54: 45989 | Q54: 8 | R54: 10 | S54: P11 | T54: Non evaso | U54: DDP | V54: VETTORE | W54: COMPRITAL SPA | X54: 20090 SETTALA MI | Y54: 5 | Z54: PASTE | AA54: 213 | AB54: MANDORLE | AC54: 235 | AD54: 5 | AE54: PRODOTTI DI BARTOLO | AF54: 1 | AG54: PRODOTTO FINITO | AJ54: 1527 | AL54: No | AM54: 1 | AQ54: =_xlfn.CONCAT(C54,"/",D54) -> 801/0 | AR54: =IF(D54=0,"DA CONTRATTO","SPOT") -> DA CONTRATTO | AS54: =IF(AD54=5,"P","C") -> P | AT54: =VLOOKUP(S54,'FILE PALLETTIZZAZIONI DB SRL'!B:H,5,FALSE) -> 2 | AU54: =TEXT(N54,"gggg") -> sabato | AV54: =WEEKNUM(N54) -> 0 | AW54: =IF(AND(ISBLANK(N54),AS54="P"), "ATTENZIONE: Data produzione non pianificata", IF(AND(ISBLANK(N54),AS54="C"), "ATTENZIONE: Data arrivo merce acquisti non presente", IF(O54-N54>=AP54, "Data sped. utile INSERITA", "ATTENZIONE: GG. resa non adeguati"))) -> ATTENZIONE: Data produzione non pianificata | AX54: =IF(ISBLANK(O54), "ATTENZIONE: Data non inserita", IF(O54<=param!B2, "ATTENZIONE: Ritardo, Avvertire il cliente", "Data cons. rich. INSERITA")) -> Data cons. rich. INSERITA | AY54: =IF(OR(ISBLANK(AP54),ISBLANK(AH54)), "ATTENZIONE: Vettore non associato", IF(V54="VETTORE", "Tipo spedizione: VETTORE", IF(V54="DESTINATARIO", "Tipo spedizione: DESTINATARIO", IF(ISBLANK(V54), "ATTENZIONE: Vettore vuoto", "?")))) -> ATTENZIONE: Vettore non associato | AZ54: =IF(AM54=1, "Città OK", "ATTENZIONE: CAP non presente") -> Città OK | BA54: ATTENZIONE: Giorno congruo presa vettore | BB54: =_xlfn.CONCAT(AW54," - ",AX54," - ",AY54," - ",AZ54," - ","Data: ",BA54) -> ATTENZIONE: Data produzione non pianificata - Data cons. rich. INSERITA - ATTENZIONE: Vettore non associato - Città OK - Data: ATTENZIONE: Giorno congruo presa vettore
A55: S | B55: 79 | C55: 532 | D55: 800 | E55: 45945 | F55: 477 | G55: COMPRITAL SPA | H55: PPM3773/P18 | I55: PF103PCL/P18 | J55: PISTACCHIO EXTRA | K55: 800 | M55: 800 | O55: 45964 | P55: RUSTICO BRUNO | Q55: 8 | R55: 10 | S55: P18 | T55: Non evaso | U55: DDP | V55: VETTORE | W55: COMPRITAL SPA | X55: 20090 SETTALA MI | Y55: 5 | Z55: PASTE | AA55: 870 | AB55: PISTACCHIO | AC55: 235 | AD55: 5 | AE55: PRODOTTI DI BARTOLO | AF55: 1 | AG55: PRODOTTO FINITO | AH55: 1 | AJ55: 1339 | AK55: 45964 | AL55: No | AM55: 1 | AN55: martedì | AO55: venerdì | AP55: 5 | AQ55: =_xlfn.CONCAT(C55,"/",D55) -> 532/800 | AR55: =IF(D55=0,"DA CONTRATTO","SPOT") -> SPOT | AS55: =IF(AD55=5,"P","C") -> P | AT55: =VLOOKUP(S55,'FILE PALLETTIZZAZIONI DB SRL'!B:H,5,FALSE) -> 80 | AU55: =TEXT(N55,"gggg") -> sabato | AV55: =WEEKNUM(N55) -> 0 | AW55: =IF(AND(ISBLANK(N55),AS55="P"), "ATTENZIONE: Data produzione non pianificata", IF(AND(ISBLANK(N55),AS55="C"), "ATTENZIONE: Data arrivo merce acquisti non presente", IF(O55-N55>=AP55, "Data sped. utile INSERITA", "ATTENZIONE: GG. resa non adeguati"))) -> ATTENZIONE: Data produzione non pianificata | AX55: =IF(ISBLANK(O55), "ATTENZIONE: Data non inserita", IF(O55<=param!B2, "ATTENZIONE: Ritardo, Avvertire il cliente", "Data cons. rich. INSERITA")) -> ATTENZIONE: Ritardo, Avvertire il cliente | AY55: =IF(OR(ISBLANK(AP55),ISBLANK(AH55)), "ATTENZIONE: Vettore non associato", IF(V55="VETTORE", "Tipo spedizione: VETTORE", IF(V55="DESTINATARIO", "Tipo spedizione: DESTINATARIO", IF(ISBLANK(V55), "ATTENZIONE: Vettore vuoto", "?")))) -> Tipo spedizione: VETTORE | AZ55: =IF(AM55=1, "Città OK", "ATTENZIONE: CAP non presente") -> Città OK | BA55: ATTENZIONE: Giorno congruo presa vettore | BB55: =_xlfn.CONCAT(AW55," - ",AX55," - ",AY55," - ",AZ55," - ","Data: ",BA55) -> ATTENZIONE: Data produzione non pianificata - ATTENZIONE: Ritardo, Avvertire il cliente - Tipo spedizione: VETTORE - Città OK - Data: ATTENZIONE: Giorno congruo presa vettore
A56: S | B56: 80 | C56: 532 | D56: 800 | E56: 45945 | F56: 477 | G56: COMPRITAL SPA | H56: PPM3773/PP035 | I56: PF103PCL/PP035 | J56: PISTACCHIO EXTRA | K56: 0.7 | M56: 0.7 | O56: 45964 | P56: RUSTICO BRUNO | Q56: 8 | R56: 10 | S56: PP035 | T56: Non evaso | U56: DDP | V56: VETTORE | W56: COMPRITAL SPA | X56: 20090 SETTALA MI | Y56: 5 | Z56: PASTE | AA56: 870 | AB56: PISTACCHIO | AC56: 235 | AD56: 5 | AE56: PRODOTTI DI BARTOLO | AF56: 1 | AG56: PRODOTTO FINITO | AH56: 1 | AJ56: 1339 | AK56: 45964 | AL56: No | AM56: 1 | AN56: martedì | AO56: venerdì | AP56: 5 | AQ56: =_xlfn.CONCAT(C56,"/",D56) -> 532/800 | AR56: =IF(D56=0,"DA CONTRATTO","SPOT") -> SPOT | AS56: =IF(AD56=5,"P","C") -> P | AT56: =VLOOKUP(S56,'FILE PALLETTIZZAZIONI DB SRL'!B:H,5,FALSE) -> #N/A | AU56: =TEXT(N56,"gggg") -> sabato | AV56: =WEEKNUM(N56) -> 0 | AW56: =IF(AND(ISBLANK(N56),AS56="P"), "ATTENZIONE: Data produzione non pianificata", IF(AND(ISBLANK(N56),AS56="C"), "ATTENZIONE: Data arrivo merce acquisti non presente", IF(O56-N56>=AP56, "Data sped. utile INSERITA", "ATTENZIONE: GG. resa non adeguati"))) -> ATTENZIONE: Data produzione non pianificata | AX56: =IF(ISBLANK(O56), "ATTENZIONE: Data non inserita", IF(O56<=param!B2, "ATTENZIONE: Ritardo, Avvertire il cliente", "Data cons. rich. INSERITA")) -> ATTENZIONE: Ritardo, Avvertire il cliente | AY56: =IF(OR(ISBLANK(AP56),ISBLANK(AH56)), "ATTENZIONE: Vettore non associato", IF(V56="VETTORE", "Tipo spedizione: VETTORE", IF(V56="DESTINATARIO", "Tipo spedizione: DESTINATARIO", IF(ISBLANK(V56), "ATTENZIONE: Vettore vuoto", "?")))) -> Tipo spedizione: VETTORE | AZ56: =IF(AM56=1, "Città OK", "ATTENZIONE: CAP non presente") -> Città OK | BA56: ATTENZIONE: Giorno congruo presa vettore | BB56: =_xlfn.CONCAT(AW56," - ",AX56," - ",AY56," - ",AZ56," - ","Data: ",BA56) -> ATTENZIONE: Data produzione non pianificata - ATTENZIONE: Ritardo, Avvertire il cliente - Tipo spedizione: VETTORE - Città OK - Data: ATTENZIONE: Giorno congruo presa vettore
A57: S | B57: 81 | C57: 561 | D57: 800 | E57: 45968 | F57: 477 | G57: COMPRITAL SPA | H57: MSGT3436/G21 | I57: MSGT3436/G21 | J57: MANDORLE TUONO SGUSCIATE CAL. 34/36 | K57: 20 | M57: 20 | O57: 46001 | Q57: 4 | R57: 8 | S57: G21 | T57: Non evaso | U57: DDP | V57: VETTORE | W57: COMPRITAL SPA | X57: 20090 SETTALA MI | Y57: 5 | Z57: MANDORLE | AA57: 972 | AB57: SGUSCIATE | AC57: 180 | AD57: 5 | AE57: PRODOTTI DI BARTOLO | AF57: 1 | AG57: PRODOTTO FINITO | AJ57: 1494 | AK57: 45982 | AL57: No | AM57: 1 | AQ57: =_xlfn.CONCAT(C57,"/",D57) -> 561/800 | AR57: =IF(D57=0,"DA CONTRATTO","SPOT") -> SPOT | AS57: =IF(AD57=5,"P","C") -> P | AT57: =VLOOKUP(S57,'FILE PALLETTIZZAZIONI DB SRL'!B:H,5,FALSE) -> 2 | AU57: =TEXT(N57,"gggg") -> sabato | AV57: =WEEKNUM(N57) -> 0 | AW57: =IF(AND(ISBLANK(N57),AS57="P"), "ATTENZIONE: Data produzione non pianificata", IF(AND(ISBLANK(N57),AS57="C"), "ATTENZIONE: Data arrivo merce acquisti non presente", IF(O57-N57>=AP57, "Data sped. utile INSERITA", "ATTENZIONE: GG. resa non adeguati"))) -> ATTENZIONE: Data produzione non pianificata | AX57: =IF(ISBLANK(O57), "ATTENZIONE: Data non inserita", IF(O57<=param!B2, "ATTENZIONE: Ritardo, Avvertire il cliente", "Data cons. rich. INSERITA")) -> Data cons. rich. INSERITA | AY57: =IF(OR(ISBLANK(AP57),ISBLANK(AH57)), "ATTENZIONE: Vettore non associato", IF(V57="VETTORE", "Tipo spedizione: VETTORE", IF(V57="DESTINATARIO", "Tipo spedizione: DESTINATARIO", IF(ISBLANK(V57), "ATTENZIONE: Vettore vuoto", "?")))) -> ATTENZIONE: Vettore non associato | AZ57: =IF(AM57=1, "Città OK", "ATTENZIONE: CAP non presente") -> Città OK | BA57: ATTENZIONE: Giorno congruo presa vettore | BB57: =_xlfn.CONCAT(AW57," - ",AX57," - ",AY57," - ",AZ57," - ","Data: ",BA57) -> ATTENZIONE: Data produzione non pianificata - Data cons. rich. INSERITA - ATTENZIONE: Vettore non associato - Città OK - Data: ATTENZIONE: Giorno congruo presa vettore
A58: S | B58: 82 | C58: 561 | D58: 800 | E58: 45968 | F58: 477 | G58: COMPRITAL SPA | H58: MSGT3436/G5 | I58: MSGT3436/G5 | J58: MANDORLE TUONO SGUSCIATE CAL. 34/36 | K58: 5 | M58: 5 | O58: 46001 | Q58: 4 | R58: 8 | S58: G5 | T58: Non evaso | U58: DDP | V58: VETTORE | W58: COMPRITAL SPA | X58: 20090 SETTALA MI | Y58: 5 | Z58: MANDORLE | AA58: 972 | AB58: SGUSCIATE | AC58: 180 | AD58: 5 | AE58: PRODOTTI DI BARTOLO | AF58: 1 | AG58: PRODOTTO FINITO | AJ58: 1494 | AK58: 45982 | AL58: No | AM58: 1 | AQ58: =_xlfn.CONCAT(C58,"/",D58) -> 561/800 | AR58: =IF(D58=0,"DA CONTRATTO","SPOT") -> SPOT | AS58: =IF(AD58=5,"P","C") -> P | AT58: =VLOOKUP(S58,'FILE PALLETTIZZAZIONI DB SRL'!B:H,5,FALSE) -> #N/A | AU58: =TEXT(N58,"gggg") -> sabato | AV58: =WEEKNUM(N58) -> 0 | AW58: =IF(AND(ISBLANK(N58),AS58="P"), "ATTENZIONE: Data produzione non pianificata", IF(AND(ISBLANK(N58),AS58="C"), "ATTENZIONE: Data arrivo merce acquisti non presente", IF(O58-N58>=AP58, "Data sped. utile INSERITA", "ATTENZIONE: GG. resa non adeguati"))) -> ATTENZIONE: Data produzione non pianificata | AX58: =IF(ISBLANK(O58), "ATTENZIONE: Data non inserita", IF(O58<=param!B2, "ATTENZIONE: Ritardo, Avvertire il cliente", "Data cons. rich. INSERITA")) -> Data cons. rich. INSERITA | AY58: =IF(OR(ISBLANK(AP58),ISBLANK(AH58)), "ATTENZIONE: Vettore non associato", IF(V58="VETTORE", "Tipo spedizione: VETTORE", IF(V58="DESTINATARIO", "Tipo spedizione: DESTINATARIO", IF(ISBLANK(V58), "ATTENZIONE: Vettore vuoto", "?")))) -> ATTENZIONE: Vettore non associato | AZ58: =IF(AM58=1, "Città OK", "ATTENZIONE: CAP non presente") -> Città OK | BA58: ATTENZIONE: Giorno congruo presa vettore | BB58: =_xlfn.CONCAT(AW58," - ",AX58," - ",AY58," - ",AZ58," - ","Data: ",BA58) -> ATTENZIONE: Data produzione non pianificata - Data cons. rich. INSERITA - ATTENZIONE: Vettore non associato - Città OK - Data: ATTENZIONE: Giorno congruo presa vettore
A59: S | B59: 83 | C59: 561 | D59: 800 | E59: 45968 | F59: 477 | G59: COMPRITAL SPA | H59: MTG/G21 | I59: MTG/G21 | J59: MANDORLE TUONO IN GUSCIO | K59: 20 | M59: 20 | O59: 46001 | S59: G21 | T59: Non evaso | U59: DDP | V59: VETTORE | W59: COMPRITAL SPA | X59: 20090 SETTALA MI | Y59: 5 | Z59: MANDORLE | AA59: 296 | AB59: GUSCIO | AC59: 180 | AD59: 5 | AE59: PRODOTTI DI BARTOLO | AF59: 1 | AG59: PRODOTTO FINITO | AJ59: 1494 | AK59: 45982 | AL59: No | AM59: 1 | AQ59: =_xlfn.CONCAT(C59,"/",D59) -> 561/800 | AR59: =IF(D59=0,"DA CONTRATTO","SPOT") -> SPOT | AS59: =IF(AD59=5,"P","C") -> P | AT59: =VLOOKUP(S59,'FILE PALLETTIZZAZIONI DB SRL'!B:H,5,FALSE) -> 2 | AU59: =TEXT(N59,"gggg") -> sabato | AV59: =WEEKNUM(N59) -> 0 | AW59: =IF(AND(ISBLANK(N59),AS59="P"), "ATTENZIONE: Data produzione non pianificata", IF(AND(ISBLANK(N59),AS59="C"), "ATTENZIONE: Data arrivo merce acquisti non presente", IF(O59-N59>=AP59, "Data sped. utile INSERITA", "ATTENZIONE: GG. resa non adeguati"))) -> ATTENZIONE: Data produzione non pianificata | AX59: =IF(ISBLANK(O59), "ATTENZIONE: Data non inserita", IF(O59<=param!B2, "ATTENZIONE: Ritardo, Avvertire il cliente", "Data cons. rich. INSERITA")) -> Data cons. rich. INSERITA | AY59: =IF(OR(ISBLANK(AP59),ISBLANK(AH59)), "ATTENZIONE: Vettore non associato", IF(V59="VETTORE", "Tipo spedizione: VETTORE", IF(V59="DESTINATARIO", "Tipo spedizione: DESTINATARIO", IF(ISBLANK(V59), "ATTENZIONE: Vettore vuoto", "?")))) -> ATTENZIONE: Vettore non associato | AZ59: =IF(AM59=1, "Città OK", "ATTENZIONE: CAP non presente") -> Città OK | BA59: ATTENZIONE: Giorno congruo presa vettore | BB59: =_xlfn.CONCAT(AW59," - ",AX59," - ",AY59," - ",AZ59," - ","Data: ",BA59) -> ATTENZIONE: Data produzione non pianificata - Data cons. rich. INSERITA - ATTENZIONE: Vettore non associato - Città OK - Data: ATTENZIONE: Giorno congruo presa vettore
A60: S | B60: 84 | C60: 561 | D60: 800 | E60: 45968 | F60: 477 | G60: COMPRITAL SPA | H60: MTG/G5 | I60: MTG/G5 | J60: MANDORLE TUONO IN GUSCIO | K60: 5 | M60: 5 | O60: 46001 | S60: G5 | T60: Non evaso | U60: DDP | V60: VETTORE | W60: COMPRITAL SPA | X60: 20090 SETTALA MI | Y60: 5 | Z60: MANDORLE | AA60: 296 | AB60: GUSCIO | AC60: 180 | AD60: 5 | AE60: PRODOTTI DI BARTOLO | AF60: 1 | AG60: PRODOTTO FINITO | AJ60: 1494 | AK60: 45982 | AL60: No | AM60: 1 | AQ60: =_xlfn.CONCAT(C60,"/",D60) -> 561/800 | AR60: =IF(D60=0,"DA CONTRATTO","SPOT") -> SPOT | AS60: =IF(AD60=5,"P","C") -> P | AT60: =VLOOKUP(S60,'FILE PALLETTIZZAZIONI DB SRL'!B:H,5,FALSE) -> #N/A | AU60: =TEXT(N60,"gggg") -> sabato | AV60: =WEEKNUM(N60) -> 0 | AW60: =IF(AND(ISBLANK(N60),AS60="P"), "ATTENZIONE: Data produzione non pianificata", IF(AND(ISBLANK(N60),AS60="C"), "ATTENZIONE: Data arrivo merce acquisti non presente", IF(O60-N60>=AP60, "Data sped. utile INSERITA", "ATTENZIONE: GG. resa non adeguati"))) -> ATTENZIONE: Data produzione non pianificata | AX60: =IF(ISBLANK(O60), "ATTENZIONE: Data non inserita", IF(O60<=param!B2, "ATTENZIONE: Ritardo, Avvertire il cliente", "Data cons. rich. INSERITA")) -> Data cons. rich. INSERITA | AY60: =IF(OR(ISBLANK(AP60),ISBLANK(AH60)), "ATTENZIONE: Vettore non associato", IF(V60="VETTORE", "Tipo spedizione: VETTORE", IF(V60="DESTINATARIO", "Tipo spedizione: DESTINATARIO", IF(ISBLANK(V60), "ATTENZIONE: Vettore vuoto", "?")))) -> ATTENZIONE: Vettore non associato | AZ60: =IF(AM60=1, "Città OK", "ATTENZIONE: CAP non presente") -> Città OK | BA60: ATTENZIONE: Giorno congruo presa vettore | BB60: =_xlfn.CONCAT(AW60," - ",AX60," - ",AY60," - ",AZ60," - ","Data: ",BA60) -> ATTENZIONE: Data produzione non pianificata - Data cons. rich. INSERITA - ATTENZIONE: Vettore non associato - Città OK - Data: ATTENZIONE: Giorno congruo presa vettore
A61: S | B61: 85 | C61: 779 | D61: 0 | E61: 45959 | F61: 484 | G61: POLE SUD | H61: PP1011/P11 | I61: PP1070/P11 | J61: PISTACHIO PASTE S ( Italy/Sicily) | K61: 1000 | M61: 1000 | O61: 46036 | P61: CURRO' TRASPORTI SRL | Q61: 8 | R61: 10 | S61: P11 | T61: Non evaso | U61: DDP | V61: VETTORE | W61: POLE SUD | X61: 11200 LEZIGNAN CORBIER | Y61: 5 | Z61: PASTE | AA61: 870 | AB61: PISTACCHIO | AC61: 235 | AD61: 5 | AE61: PRODOTTI DI BARTOLO | AF61: 1 | AG61: PRODOTTO FINITO | AH61: 2 | AJ61: 22255 | AL61: Sì | AM61: 1 | AQ61: =_xlfn.CONCAT(C61,"/",D61) -> 779/0 | AR61: =IF(D61=0,"DA CONTRATTO","SPOT") -> DA CONTRATTO | AS61: =IF(AD61=5,"P","C") -> P | AT61: =VLOOKUP(S61,'FILE PALLETTIZZAZIONI DB SRL'!B:H,5,FALSE) -> 2 | AU61: =TEXT(N61,"gggg") -> sabato | AV61: =WEEKNUM(N61) -> 0 | AW61: =IF(AND(ISBLANK(N61),AS61="P"), "ATTENZIONE: Data produzione non pianificata", IF(AND(ISBLANK(N61),AS61="C"), "ATTENZIONE: Data arrivo merce acquisti non presente", IF(O61-N61>=AP61, "Data sped. utile INSERITA", "ATTENZIONE: GG. resa non adeguati"))) -> ATTENZIONE: Data produzione non pianificata | AX61: =IF(ISBLANK(O61), "ATTENZIONE: Data non inserita", IF(O61<=param!B2, "ATTENZIONE: Ritardo, Avvertire il cliente", "Data cons. rich. INSERITA")) -> Data cons. rich. INSERITA | AY61: =IF(OR(ISBLANK(AP61),ISBLANK(AH61)), "ATTENZIONE: Vettore non associato", IF(V61="VETTORE", "Tipo spedizione: VETTORE", IF(V61="DESTINATARIO", "Tipo spedizione: DESTINATARIO", IF(ISBLANK(V61), "ATTENZIONE: Vettore vuoto", "?")))) -> ATTENZIONE: Vettore non associato | AZ61: =IF(AM61=1, "Città OK", "ATTENZIONE: CAP non presente") -> Città OK | BA61: ATTENZIONE: Giorno congruo presa vettore | BB61: =_xlfn.CONCAT(AW61," - ",AX61," - ",AY61," - ",AZ61," - ","Data: ",BA61) -> ATTENZIONE: Data produzione non pianificata - Data cons. rich. INSERITA - ATTENZIONE: Vettore non associato - Città OK - Data: ATTENZIONE: Giorno congruo presa vettore
A62: S | B62: 86 | C62: 811 | D62: 0 | E62: 45975 | F62: 484 | G62: POLE SUD | H62: GRPAN40846/G21 | I62: ANN00153/G21 | J62: CHOPPED HAZELNUT SUGAR COATED | K62: 640 | M62: 640 | O62: 46036 | P62: CURRO' TRASPORTI SRL | Q62: 8 | R62: 10 | S62: G21 | T62: Non evaso | U62: DDP | V62: VETTORE | W62: POLE SUD | X62: 11200 LEZIGNAN CORBIER | Y62: 5 | Z62: GRANELLE PRALINATE | AA62: 745 | AB62: NOCCIOLE | AC62: 125 | AD62: 5 | AE62: PRODOTTI DI BARTOLO | AF62: 1 | AG62: PRODOTTO FINITO | AH62: 2 | AJ62: 22255 | AL62: Sì | AM62: 1 | AQ62: =_xlfn.CONCAT(C62,"/",D62) -> 811/0 | AR62: =IF(D62=0,"DA CONTRATTO","SPOT") -> DA CONTRATTO | AS62: =IF(AD62=5,"P","C") -> P | AT62: =VLOOKUP(S62,'FILE PALLETTIZZAZIONI DB SRL'!B:H,5,FALSE) -> 2 | AU62: =TEXT(N62,"gggg") -> sabato | AV62: =WEEKNUM(N62) -> 0 | AW62: =IF(AND(ISBLANK(N62),AS62="P"), "ATTENZIONE: Data produzione non pianificata", IF(AND(ISBLANK(N62),AS62="C"), "ATTENZIONE: Data arrivo merce acquisti non presente", IF(O62-N62>=AP62, "Data sped. utile INSERITA", "ATTENZIONE: GG. resa non adeguati"))) -> ATTENZIONE: Data produzione non pianificata | AX62: =IF(ISBLANK(O62), "ATTENZIONE: Data non inserita", IF(O62<=param!B2, "ATTENZIONE: Ritardo, Avvertire il cliente", "Data cons. rich. INSERITA")) -> Data cons. rich. INSERITA | AY62: =IF(OR(ISBLANK(AP62),ISBLANK(AH62)), "ATTENZIONE: Vettore non associato", IF(V62="VETTORE", "Tipo spedizione: VETTORE", IF(V62="DESTINATARIO", "Tipo spedizione: DESTINATARIO", IF(ISBLANK(V62), "ATTENZIONE: Vettore vuoto", "?")))) -> ATTENZIONE: Vettore non associato | AZ62: =IF(AM62=1, "Città OK", "ATTENZIONE: CAP non presente") -> Città OK | BA62: ATTENZIONE: Giorno congruo presa vettore | BB62: =_xlfn.CONCAT(AW62," - ",AX62," - ",AY62," - ",AZ62," - ","Data: ",BA62) -> ATTENZIONE: Data produzione non pianificata - Data cons. rich. INSERITA - ATTENZIONE: Vettore non associato - Città OK - Data: ATTENZIONE: Giorno congruo presa vettore
A63: S | B63: 87 | C63: 823 | D63: 0 | E63: 45979 | F63: 492 | G63: FRANCIACORTA CREME S.P.A. | H63: PPAPG2/P11 | I63: 01913/ P11 | J63: PASTA PISTACCHIO MEDITERRANEA | K63: 5000 | M63: 5000 | O63: 46049 | P63: TRASPORTI RECUPERO SRL | Q63: 8 | R63: 10 | S63: P11 | T63: Non evaso | U63: DDP | V63: VETTORE | W63: DISTILLERIE FRANCIACOR | X63: 25064 GUSSAGO BS | Y63: 5 | Z63: PASTE | AA63: 870 | AB63: PISTACCHIO | AC63: 235 | AD63: 5 | AE63: PRODOTTI DI BARTOLO | AF63: 1 | AG63: PRODOTTO FINITO | AH63: 70 | AJ63: 146558 | AL63: No | AM63: 1 | AQ63: =_xlfn.CONCAT(C63,"/",D63) -> 823/0 | AR63: =IF(D63=0,"DA CONTRATTO","SPOT") -> DA CONTRATTO | AS63: =IF(AD63=5,"P","C") -> P | AT63: =VLOOKUP(S63,'FILE PALLETTIZZAZIONI DB SRL'!B:H,5,FALSE) -> 2 | AU63: =TEXT(N63,"gggg") -> sabato | AV63: =WEEKNUM(N63) -> 0 | AW63: =IF(AND(ISBLANK(N63),AS63="P"), "ATTENZIONE: Data produzione non pianificata", IF(AND(ISBLANK(N63),AS63="C"), "ATTENZIONE: Data arrivo merce acquisti non presente", IF(O63-N63>=AP63, "Data sped. utile INSERITA", "ATTENZIONE: GG. resa non adeguati"))) -> ATTENZIONE: Data produzione non pianificata | AX63: =IF(ISBLANK(O63), "ATTENZIONE: Data non inserita", IF(O63<=param!B2, "ATTENZIONE: Ritardo, Avvertire il cliente", "Data cons. rich. INSERITA")) -> Data cons. rich. INSERITA | AY63: =IF(OR(ISBLANK(AP63),ISBLANK(AH63)), "ATTENZIONE: Vettore non associato", IF(V63="VETTORE", "Tipo spedizione: VETTORE", IF(V63="DESTINATARIO", "Tipo spedizione: DESTINATARIO", IF(ISBLANK(V63), "ATTENZIONE: Vettore vuoto", "?")))) -> ATTENZIONE: Vettore non associato | AZ63: =IF(AM63=1, "Città OK", "ATTENZIONE: CAP non presente") -> Città OK | BA63: ATTENZIONE: Giorno congruo presa vettore | BB63: =_xlfn.CONCAT(AW63," - ",AX63," - ",AY63," - ",AZ63," - ","Data: ",BA63) -> ATTENZIONE: Data produzione non pianificata - Data cons. rich. INSERITA - ATTENZIONE: Vettore non associato - Città OK - Data: ATTENZIONE: Giorno congruo presa vettore
A64: S | B64: 89 | C64: 699 | D64: 0 | E64: 45889 | F64: 557 | G64: PRE GEL SPA | H64: SFRGCL65/BB20 | I64: 1085/BB20 | J64: SUCCO DI FRAGOLA CONCENTRATO LIMPIDO 65 BX | K64: 500 | M64: 500 | O64: 46052 | P64: RUSTICO BRUNO | Q64: 4 | R64: 8 | S64: BB20 | T64: Non evaso | U64: DDP | V64: VETTORE | W64: PRE GEL SPA | X64: 42122 GAVASSETO (RE) | Y64: 6 | Z64: SUCCHI | AA64: 364 | AB64: FRAGOLA CONC. LIMPIDO | AC64: 295 | AD64: 6 | AE64: PRODOTTI MIRITZ | AF64: 1 | AG64: PRODOTTO FINITO | AH64: 1 | AJ64: 37386 | AL64: No | AM64: 1 | AN64: martedì | AO64: venerdì | AP64: 5 | AQ64: =_xlfn.CONCAT(C64,"/",D64) -> 699/0 | AR64: =IF(D64=0,"DA CONTRATTO","SPOT") -> DA CONTRATTO | AS64: =IF(AD64=5,"P","C") -> C | AT64: =VLOOKUP(S64,'FILE PALLETTIZZAZIONI DB SRL'!B:H,5,FALSE) -> 6 | AU64: =TEXT(N64,"gggg") -> sabato | AV64: =WEEKNUM(N64) -> 0 | AW64: =IF(AND(ISBLANK(N64),AS64="P"), "ATTENZIONE: Data produzione non pianificata", IF(AND(ISBLANK(N64),AS64="C"), "ATTENZIONE: Data arrivo merce acquisti non presente", IF(O64-N64>=AP64, "Data sped. utile INSERITA", "ATTENZIONE: GG. resa non adeguati"))) -> ATTENZIONE: Data arrivo merce acquisti non presente | AX64: =IF(ISBLANK(O64), "ATTENZIONE: Data non inserita", IF(O64<=param!B2, "ATTENZIONE: Ritardo, Avvertire il cliente", "Data cons. rich. INSERITA")) -> Data cons. rich. INSERITA | AY64: =IF(OR(ISBLANK(AP64),ISBLANK(AH64)), "ATTENZIONE: Vettore non associato", IF(V64="VETTORE", "Tipo spedizione: VETTORE", IF(V64="DESTINATARIO", "Tipo spedizione: DESTINATARIO", IF(ISBLANK(V64), "ATTENZIONE: Vettore vuoto", "?")))) -> Tipo spedizione: VETTORE | AZ64: =IF(AM64=1, "Città OK", "ATTENZIONE: CAP non presente") -> Città OK | BA64: ATTENZIONE: Giorno congruo presa vettore | BB64: =_xlfn.CONCAT(AW64," - ",AX64," - ",AY64," - ",AZ64," - ","Data: ",BA64) -> ATTENZIONE: Data arrivo merce acquisti non presente - Data cons. rich. INSERITA - Tipo spedizione: VETTORE - Città OK - Data: ATTENZIONE: Giorno congruo presa vettore
A65: S | B65: 90 | C65: 700 | D65: 0 | E65: 45889 | F65: 557 | G65: PRE GEL SPA | H65: SFRGCL65/BB20 | I65: 1085/BB20 | J65: SUCCO DI FRAGOLA CONCENTRATO LIMPIDO 65 BX | K65: 500 | M65: 500 | O65: 46171 | P65: RUSTICO BRUNO | Q65: 4 | R65: 8 | S65: BB20 | T65: Non evaso | U65: DDP | V65: VETTORE | W65: PRE GEL SPA | X65: 42122 GAVASSETO (RE) | Y65: 6 | Z65: SUCCHI | AA65: 364 | AB65: FRAGOLA CONC. LIMPIDO | AC65: 295 | AD65: 6 | AE65: PRODOTTI MIRITZ | AF65: 1 | AG65: PRODOTTO FINITO | AH65: 1 | AJ65: 37386 | AL65: No | AM65: 1 | AN65: martedì | AO65: venerdì | AP65: 5 | AQ65: =_xlfn.CONCAT(C65,"/",D65) -> 700/0 | AR65: =IF(D65=0,"DA CONTRATTO","SPOT") -> DA CONTRATTO | AS65: =IF(AD65=5,"P","C") -> C | AT65: =VLOOKUP(S65,'FILE PALLETTIZZAZIONI DB SRL'!B:H,5,FALSE) -> 6 | AU65: =TEXT(N65,"gggg") -> sabato | AV65: =WEEKNUM(N65) -> 0 | AW65: =IF(AND(ISBLANK(N65),AS65="P"), "ATTENZIONE: Data produzione non pianificata", IF(AND(ISBLANK(N65),AS65="C"), "ATTENZIONE: Data arrivo merce acquisti non presente", IF(O65-N65>=AP65, "Data sped. utile INSERITA", "ATTENZIONE: GG. resa non adeguati"))) -> ATTENZIONE: Data arrivo merce acquisti non presente | AX65: =IF(ISBLANK(O65), "ATTENZIONE: Data non inserita", IF(O65<=param!B2, "ATTENZIONE: Ritardo, Avvertire il cliente", "Data cons. rich. INSERITA")) -> Data cons. rich. INSERITA | AY65: =IF(OR(ISBLANK(AP65),ISBLANK(AH65)), "ATTENZIONE: Vettore non associato", IF(V65="VETTORE", "Tipo spedizione: VETTORE", IF(V65="DESTINATARIO", "Tipo spedizione: DESTINATARIO", IF(ISBLANK(V65), "ATTENZIONE: Vettore vuoto", "?")))) -> Tipo spedizione: VETTORE | AZ65: =IF(AM65=1, "Città OK", "ATTENZIONE: CAP non presente") -> Città OK | BA65: ATTENZIONE: Giorno congruo presa vettore | BB65: =_xlfn.CONCAT(AW65," - ",AX65," - ",AY65," - ",AZ65," - ","Data: ",BA65) -> ATTENZIONE: Data arrivo merce acquisti non presente - Data cons. rich. INSERITA - Tipo spedizione: VETTORE - Città OK - Data: ATTENZIONE: Giorno congruo presa vettore
A66: S | B66: 91 | C66: 735 | D66: 0 | E66: 45929 | F66: 557 | G66: PRE GEL SPA | H66: OEARAN001/F10 | I66: 3352/F10 | J66: OLIO ESSENZIALE DI ARANCIA DOLCE SICILIA OEARAN001 | K66: 250 | M66: 250 | O66: 45993 | Q66: 8 | R66: 10 | S66: F10 | T66: Non evaso | U66: DDP | V66: VETTORE | W66: PRE GEL SPA | X66: 42122 GAVASSETO (RE) | Y66: 6 | Z66: OLI ESSENZIALI | AA66: 135 | AB66: ARANCIA | AC66: 215 | AD66: 6 | AE66: PRODOTTI MIRITZ | AF66: 1 | AG66: PRODOTTO FINITO | AJ66: 37499 | AL66: No | AM66: 1 | AQ66: =_xlfn.CONCAT(C66,"/",D66) -> 735/0 | AR66: =IF(D66=0,"DA CONTRATTO","SPOT") -> DA CONTRATTO | AS66: =IF(AD66=5,"P","C") -> C | AT66: =VLOOKUP(S66,'FILE PALLETTIZZAZIONI DB SRL'!B:H,5,FALSE) -> 2 | AU66: =TEXT(N66,"gggg") -> sabato | AV66: =WEEKNUM(N66) -> 0 | AW66: =IF(AND(ISBLANK(N66),AS66="P"), "ATTENZIONE: Data produzione non pianificata", IF(AND(ISBLANK(N66),AS66="C"), "ATTENZIONE: Data arrivo merce acquisti non presente", IF(O66-N66>=AP66, "Data sped. utile INSERITA", "ATTENZIONE: GG. resa non adeguati"))) -> ATTENZIONE: Data arrivo merce acquisti non presente | AX66: =IF(ISBLANK(O66), "ATTENZIONE: Data non inserita", IF(O66<=param!B2, "ATTENZIONE: Ritardo, Avvertire il cliente", "Data cons. rich. INSERITA")) -> Data cons. rich. INSERITA | AY66: =IF(OR(ISBLANK(AP66),ISBLANK(AH66)), "ATTENZIONE: Vettore non associato", IF(V66="VETTORE", "Tipo spedizione: VETTORE", IF(V66="DESTINATARIO", "Tipo spedizione: DESTINATARIO", IF(ISBLANK(V66), "ATTENZIONE: Vettore vuoto", "?")))) -> ATTENZIONE: Vettore non associato | AZ66: =IF(AM66=1, "Città OK", "ATTENZIONE: CAP non presente") -> Città OK | BA66: ATTENZIONE: Giorno congruo presa vettore | BB66: =_xlfn.CONCAT(AW66," - ",AX66," - ",AY66," - ",AZ66," - ","Data: ",BA66) -> ATTENZIONE: Data arrivo merce acquisti non presente - Data cons. rich. INSERITA - ATTENZIONE: Vettore non associato - Città OK - Data: ATTENZIONE: Giorno congruo presa vettore
A67: S | B67: 92 | C67: 789 | D67: 0 | E67: 45966 | F67: 557 | G67: PRE GEL SPA | H67: OEARAN001/F10 | I67: 3352/F10 | J67: OLIO ESSENZIALE DI ARANCIA DOLCE SICILIA OEARAN001 | K67: 100 | M67: 100 | O67: 45993 | P67: STEF Italia S.p.A. | Q67: 8 | R67: 10 | S67: F10 | T67: Non evaso | U67: DDP | V67: VETTORE | W67: PRE GEL SPA | X67: 42122 GAVASSETO (RE) | Y67: 6 | Z67: OLI ESSENZIALI | AA67: 135 | AB67: ARANCIA | AC67: 215 | AD67: 6 | AE67: PRODOTTI MIRITZ | AF67: 1 | AG67: PRODOTTO FINITO | AH67: 45 | AJ67: 37499 | AL67: No | AM67: 1 | AQ67: =_xlfn.CONCAT(C67,"/",D67) -> 789/0 | AR67: =IF(D67=0,"DA CONTRATTO","SPOT") -> DA CONTRATTO | AS67: =IF(AD67=5,"P","C") -> C | AT67: =VLOOKUP(S67,'FILE PALLETTIZZAZIONI DB SRL'!B:H,5,FALSE) -> 2 | AU67: =TEXT(N67,"gggg") -> sabato | AV67: =WEEKNUM(N67) -> 0 | AW67: =IF(AND(ISBLANK(N67),AS67="P"), "ATTENZIONE: Data produzione non pianificata", IF(AND(ISBLANK(N67),AS67="C"), "ATTENZIONE: Data arrivo merce acquisti non presente", IF(O67-N67>=AP67, "Data sped. utile INSERITA", "ATTENZIONE: GG. resa non adeguati"))) -> ATTENZIONE: Data arrivo merce acquisti non presente | AX67: =IF(ISBLANK(O67), "ATTENZIONE: Data non inserita", IF(O67<=param!B2, "ATTENZIONE: Ritardo, Avvertire il cliente", "Data cons. rich. INSERITA")) -> Data cons. rich. INSERITA | AY67: =IF(OR(ISBLANK(AP67),ISBLANK(AH67)), "ATTENZIONE: Vettore non associato", IF(V67="VETTORE", "Tipo spedizione: VETTORE", IF(V67="DESTINATARIO", "Tipo spedizione: DESTINATARIO", IF(ISBLANK(V67), "ATTENZIONE: Vettore vuoto", "?")))) -> ATTENZIONE: Vettore non associato | AZ67: =IF(AM67=1, "Città OK", "ATTENZIONE: CAP non presente") -> Città OK | BA67: ATTENZIONE: Giorno congruo presa vettore | BB67: =_xlfn.CONCAT(AW67," - ",AX67," - ",AY67," - ",AZ67," - ","Data: ",BA67) -> ATTENZIONE: Data arrivo merce acquisti non presente - Data cons. rich. INSERITA - ATTENZIONE: Vettore non associato - Città OK - Data: ATTENZIONE: Giorno congruo presa vettore
A68: S | B68: 93 | C68: 715 | D68: 0 | E68: 45912 | F68: 568 | G68: PAWEL BIELAWSKI CALATABIANO FOOD INGREDIENTS | H68: PPAPG3/P11 | I68: PPAPG1/ P11 | J68: PISTACHIO PASTE U | K68: 2000 | M68: 2000 | O68: 46009 | P68: CURRO' TRASPORTI SRL | Q68: 8 | R68: 10 | S68: P11 | T68: Non evaso | U68: DDP | V68: VETTORE | W68: LESS MESS STORAGE | X68: 32-060 KRISPINOW (KRAK | Y68: 5 | Z68: PASTE | AA68: 870 | AB68: PISTACCHIO | AC68: 235 | AD68: 5 | AE68: PRODOTTI DI BARTOLO | AF68: 1 | AG68: PRODOTTO FINITO | AH68: 2 | AJ68: 715/OP | AL68: Sì | AM68: 1 | AQ68: =_xlfn.CONCAT(C68,"/",D68) -> 715/0 | AR68: =IF(D68=0,"DA CONTRATTO","SPOT") -> DA CONTRATTO | AS68: =IF(AD68=5,"P","C") -> P | AT68: =VLOOKUP(S68,'FILE PALLETTIZZAZIONI DB SRL'!B:H,5,FALSE) -> 2 | AU68: =TEXT(N68,"gggg") -> sabato | AV68: =WEEKNUM(N68) -> 0 | AW68: =IF(AND(ISBLANK(N68),AS68="P"), "ATTENZIONE: Data produzione non pianificata", IF(AND(ISBLANK(N68),AS68="C"), "ATTENZIONE: Data arrivo merce acquisti non presente", IF(O68-N68>=AP68, "Data sped. utile INSERITA", "ATTENZIONE: GG. resa non adeguati"))) -> ATTENZIONE: Data produzione non pianificata | AX68: =IF(ISBLANK(O68), "ATTENZIONE: Data non inserita", IF(O68<=param!B2, "ATTENZIONE: Ritardo, Avvertire il cliente", "Data cons. rich. INSERITA")) -> Data cons. rich. INSERITA | AY68: =IF(OR(ISBLANK(AP68),ISBLANK(AH68)), "ATTENZIONE: Vettore non associato", IF(V68="VETTORE", "Tipo spedizione: VETTORE", IF(V68="DESTINATARIO", "Tipo spedizione: DESTINATARIO", IF(ISBLANK(V68), "ATTENZIONE: Vettore vuoto", "?")))) -> ATTENZIONE: Vettore non associato | AZ68: =IF(AM68=1, "Città OK", "ATTENZIONE: CAP non presente") -> Città OK | BA68: ATTENZIONE: Giorno congruo presa vettore | BB68: =_xlfn.CONCAT(AW68," - ",AX68," - ",AY68," - ",AZ68," - ","Data: ",BA68) -> ATTENZIONE: Data produzione non pianificata - Data cons. rich. INSERITA - ATTENZIONE: Vettore non associato - Città OK - Data: ATTENZIONE: Giorno congruo presa vettore
A69: S | B69: 94 | C69: 763 | D69: 0 | E69: 45952 | F69: 606 | G69: NUTKAO S.R.L. | H69: PPAPG22/IBC1000 | I69: MP302/IBC1000 | J69: PASTA DI PISTACCHIO | K69: 20000 | M69: 20000 | O69: 45992 | P69: DHL EXPRESS ITALY S.R.L. | Q69: 8 | R69: 10 | S69: IBC100 | T69: Non evaso | U69: DDP | V69: VETTORE | W69: NUTKAO S.r.l. | X69: 12040 CANOVE DI GOVONE | Y69: 5 | Z69: PASTE | AA69: 870 | AB69: PISTACCHIO | AC69: 235 | AD69: 5 | AE69: PRODOTTI DI BARTOLO | AF69: 1 | AG69: PRODOTTO FINITO | AH69: 5 | AJ69: 4500023958 | AK69: 46010 | AL69: No | AM69: 1 | AN69: martedì | AO69: venerdì | AP69: 6 | AQ69: =_xlfn.CONCAT(C69,"/",D69) -> 763/0 | AR69: =IF(D69=0,"DA CONTRATTO","SPOT") -> DA CONTRATTO | AS69: =IF(AD69=5,"P","C") -> P | AT69: =VLOOKUP(S69,'FILE PALLETTIZZAZIONI DB SRL'!B:H,5,FALSE) -> 1 | AU69: =TEXT(N69,"gggg") -> sabato | AV69: =WEEKNUM(N69) -> 0 | AW69: =IF(AND(ISBLANK(N69),AS69="P"), "ATTENZIONE: Data produzione non pianificata", IF(AND(ISBLANK(N69),AS69="C"), "ATTENZIONE: Data arrivo merce acquisti non presente", IF(O69-N69>=AP69, "Data sped. utile INSERITA", "ATTENZIONE: GG. resa non adeguati"))) -> ATTENZIONE: Data produzione non pianificata | AX69: =IF(ISBLANK(O69), "ATTENZIONE: Data non inserita", IF(O69<=param!B2, "ATTENZIONE: Ritardo, Avvertire il cliente", "Data cons. rich. INSERITA")) -> Data cons. rich. INSERITA | AY69: =IF(OR(ISBLANK(AP69),ISBLANK(AH69)), "ATTENZIONE: Vettore non associato", IF(V69="VETTORE", "Tipo spedizione: VETTORE", IF(V69="DESTINATARIO", "Tipo spedizione: DESTINATARIO", IF(ISBLANK(V69), "ATTENZIONE: Vettore vuoto", "?")))) -> Tipo spedizione: VETTORE | AZ69: =IF(AM69=1, "Città OK", "ATTENZIONE: CAP non presente") -> Città OK | BA69: ATTENZIONE: Giorno congruo presa vettore | BB69: =_xlfn.CONCAT(AW69," - ",AX69," - ",AY69," - ",AZ69," - ","Data: ",BA69) -> ATTENZIONE: Data produzione non pianificata - Data cons. rich. INSERITA - Tipo spedizione: VETTORE - Città OK - Data: ATTENZIONE: Giorno congruo presa vettore
A70: S | B70: 95 | C70: 764 | D70: 0 | E70: 45952 | F70: 606 | G70: NUTKAO S.R.L. | H70: PPAPG22/IBC1000 | I70: MP302/IBC1000 | J70: PASTA DI PISTACCHIO | K70: 20000 | M70: 20000 | O70: 46000 | Q70: 8 | R70: 10 | S70: IBC100 | T70: Non evaso | U70: DDP | V70: VETTORE | W70: NUTKAO S.r.l. | X70: 12040 CANOVE DI GOVONE | Y70: 5 | Z70: PASTE | AA70: 870 | AB70: PISTACCHIO | AC70: 235 | AD70: 5 | AE70: PRODOTTI DI BARTOLO | AF70: 1 | AG70: PRODOTTO FINITO | AJ70: 4500023959 | AL70: No | AM70: 1 | AQ70: =_xlfn.CONCAT(C70,"/",D70) -> 764/0 | AR70: =IF(D70=0,"DA CONTRATTO","SPOT") -> DA CONTRATTO | AS70: =IF(AD70=5,"P","C") -> P | AT70: =VLOOKUP(S70,'FILE PALLETTIZZAZIONI DB SRL'!B:H,5,FALSE) -> 1 | AU70: =TEXT(N70,"gggg") -> sabato | AV70: =WEEKNUM(N70) -> 0 | AW70: =IF(AND(ISBLANK(N70),AS70="P"), "ATTENZIONE: Data produzione non pianificata", IF(AND(ISBLANK(N70),AS70="C"), "ATTENZIONE: Data arrivo merce acquisti non presente", IF(O70-N70>=AP70, "Data sped. utile INSERITA", "ATTENZIONE: GG. resa non adeguati"))) -> ATTENZIONE: Data produzione non pianificata | AX70: =IF(ISBLANK(O70), "ATTENZIONE: Data non inserita", IF(O70<=param!B2, "ATTENZIONE: Ritardo, Avvertire il cliente", "Data cons. rich. INSERITA")) -> Data cons. rich. INSERITA | AY70: =IF(OR(ISBLANK(AP70),ISBLANK(AH70)), "ATTENZIONE: Vettore non associato", IF(V70="VETTORE", "Tipo spedizione: VETTORE", IF(V70="DESTINATARIO", "Tipo spedizione: DESTINATARIO", IF(ISBLANK(V70), "ATTENZIONE: Vettore vuoto", "?")))) -> ATTENZIONE: Vettore non associato | AZ70: =IF(AM70=1, "Città OK", "ATTENZIONE: CAP non presente") -> Città OK | BA70: ATTENZIONE: Giorno congruo presa vettore | BB70: =_xlfn.CONCAT(AW70," - ",AX70," - ",AY70," - ",AZ70," - ","Data: ",BA70) -> ATTENZIONE: Data produzione non pianificata - Data cons. rich. INSERITA - ATTENZIONE: Vettore non associato - Città OK - Data: ATTENZIONE: Giorno congruo presa vettore
A71: S | B71: 96 | C71: 781 | D71: 0 | E71: 45961 | F71: 614 | G71: FRONERI ICE CREAM DEUTSCHLAND GMBH | H71: PPAPG2/P10 | I71: 11004924/P10 | J71: PISTACHIO PASTE U | K71: 2000 | M71: 2000 | O71: 46041 | P71: TRASPORTI RECUPERO SRL | Q71: 8 | R71: 10 | S71: P10 | T71: Non evaso | U71: DDP | V71: VETTORE | W71: FRONERI ICE CREAM DEUT | X71: 49080 OSNABRUECK | Y71: 5 | Z71: PASTE | AA71: 870 | AB71: PISTACCHIO | AC71: 235 | AD71: 5 | AE71: PRODOTTI DI BARTOLO | AF71: 1 | AG71: PRODOTTO FINITO | AH71: 70 | AJ71: 25018959 OP | AL71: Sì | AM71: 1 | AQ71: =_xlfn.CONCAT(C71,"/",D71) -> 781/0 | AR71: =IF(D71=0,"DA CONTRATTO","SPOT") -> DA CONTRATTO | AS71: =IF(AD71=5,"P","C") -> P | AT71: =VLOOKUP(S71,'FILE PALLETTIZZAZIONI DB SRL'!B:H,5,FALSE) -> 25 | AU71: =TEXT(N71,"gggg") -> sabato | AV71: =WEEKNUM(N71) -> 0 | AW71: =IF(AND(ISBLANK(N71),AS71="P"), "ATTENZIONE: Data produzione non pianificata", IF(AND(ISBLANK(N71),AS71="C"), "ATTENZIONE: Data arrivo merce acquisti non presente", IF(O71-N71>=AP71, "Data sped. utile INSERITA", "ATTENZIONE: GG. resa non adeguati"))) -> ATTENZIONE: Data produzione non pianificata | AX71: =IF(ISBLANK(O71), "ATTENZIONE: Data non inserita", IF(O71<=param!B2, "ATTENZIONE: Ritardo, Avvertire il cliente", "Data cons. rich. INSERITA")) -> Data cons. rich. INSERITA | AY71: =IF(OR(ISBLANK(AP71),ISBLANK(AH71)), "ATTENZIONE: Vettore non associato", IF(V71="VETTORE", "Tipo spedizione: VETTORE", IF(V71="DESTINATARIO", "Tipo spedizione: DESTINATARIO", IF(ISBLANK(V71), "ATTENZIONE: Vettore vuoto", "?")))) -> ATTENZIONE: Vettore non associato | AZ71: =IF(AM71=1, "Città OK", "ATTENZIONE: CAP non presente") -> Città OK | BA71: ATTENZIONE: Giorno congruo presa vettore | BB71: =_xlfn.CONCAT(AW71," - ",AX71," - ",AY71," - ",AZ71," - ","Data: ",BA71) -> ATTENZIONE: Data produzione non pianificata - Data cons. rich. INSERITA - ATTENZIONE: Vettore non associato - Città OK - Data: ATTENZIONE: Giorno congruo presa vettore
A72: S | B72: 97 | C72: 816 | D72: 0 | E72: 45978 | F72: 614 | G72: FRONERI ICE CREAM DEUTSCHLAND GMBH | H72: SLMNCT40/IBC1000 | I72: 11005070/IBC1000 | J72: LEMON JUICE CONCENTRATED CLOUDY 40° BRIX | K72: 10000 | M72: 10000 | O72: 46029 | P72: CURRO' TRASPORTI SRL | S72: IBC100 | T72: Non evaso | U72: DDP | V72: VETTORE | W72: FRONERI ICE CREAM DEUT | X72: 49080 OSNABRUECK | Y72: 6 | Z72: SUCCHI | AA72: 379 | AB72: LIMONE CONC. TORBIDO | AC72: 295 | AD72: 6 | AE72: PRODOTTI MIRITZ | AF72: 1 | AG72: PRODOTTO FINITO | AH72: 2 | AJ72: 25019906 OP | AL72: Sì | AM72: 1 | AQ72: =_xlfn.CONCAT(C72,"/",D72) -> 816/0 | AR72: =IF(D72=0,"DA CONTRATTO","SPOT") -> DA CONTRATTO | AS72: =IF(AD72=5,"P","C") -> C | AT72: =VLOOKUP(S72,'FILE PALLETTIZZAZIONI DB SRL'!B:H,5,FALSE) -> 1 | AU72: =TEXT(N72,"gggg") -> sabato | AV72: =WEEKNUM(N72) -> 0 | AW72: =IF(AND(ISBLANK(N72),AS72="P"), "ATTENZIONE: Data produzione non pianificata", IF(AND(ISBLANK(N72),AS72="C"), "ATTENZIONE: Data arrivo merce acquisti non presente", IF(O72-N72>=AP72, "Data sped. utile INSERITA", "ATTENZIONE: GG. resa non adeguati"))) -> ATTENZIONE: Data arrivo merce acquisti non presente | AX72: =IF(ISBLANK(O72), "ATTENZIONE: Data non inserita", IF(O72<=param!B2, "ATTENZIONE: Ritardo, Avvertire il cliente", "Data cons. rich. INSERITA")) -> Data cons. rich. INSERITA | AY72: =IF(OR(ISBLANK(AP72),ISBLANK(AH72)), "ATTENZIONE: Vettore non associato", IF(V72="VETTORE", "Tipo spedizione: VETTORE", IF(V72="DESTINATARIO", "Tipo spedizione: DESTINATARIO", IF(ISBLANK(V72), "ATTENZIONE: Vettore vuoto", "?")))) -> ATTENZIONE: Vettore non associato | AZ72: =IF(AM72=1, "Città OK", "ATTENZIONE: CAP non presente") -> Città OK | BA72: ATTENZIONE: Giorno congruo presa vettore | BB72: =_xlfn.CONCAT(AW72," - ",AX72," - ",AY72," - ",AZ72," - ","Data: ",BA72) -> ATTENZIONE: Data arrivo merce acquisti non presente - Data cons. rich. INSERITA - ATTENZIONE: Vettore non associato - Città OK - Data: ATTENZIONE: Giorno congruo presa vettore
A73: S | B73: 98 | C73: 826 | D73: 0 | E73: 45979 | F73: 614 | G73: FRONERI ICE CREAM DEUTSCHLAND GMBH | H73: PPAPG2/P10 | I73: 11004924/P10 | J73: PISTACHIO PASTE U | K73: 4000 | M73: 4000 | O73: 46063 | P73: CURRO' TRASPORTI SRL | Q73: 8 | R73: 10 | S73: P10 | T73: Non evaso | U73: DDP | V73: VETTORE | W73: FRONERI ICE CREAM DEUT | X73: 49080 OSNABRUECK | Y73: 5 | Z73: PASTE | AA73: 870 | AB73: PISTACCHIO | AC73: 235 | AD73: 5 | AE73: PRODOTTI DI BARTOLO | AF73: 1 | AG73: PRODOTTO FINITO | AH73: 2 | AJ73: 25019904 OP | AL73: Sì | AM73: 1 | AQ73: =_xlfn.CONCAT(C73,"/",D73) -> 826/0 | AR73: =IF(D73=0,"DA CONTRATTO","SPOT") -> DA CONTRATTO | AS73: =IF(AD73=5,"P","C") -> P | AT73: =VLOOKUP(S73,'FILE PALLETTIZZAZIONI DB SRL'!B:H,5,FALSE) -> 25 | AU73: =TEXT(N73,"gggg") -> sabato | AV73: =WEEKNUM(N73) -> 0 | AW73: =IF(AND(ISBLANK(N73),AS73="P"), "ATTENZIONE: Data produzione non pianificata", IF(AND(ISBLANK(N73),AS73="C"), "ATTENZIONE: Data arrivo merce acquisti non presente", IF(O73-N73>=AP73, "Data sped. utile INSERITA", "ATTENZIONE: GG. resa non adeguati"))) -> ATTENZIONE: Data produzione non pianificata | AX73: =IF(ISBLANK(O73), "ATTENZIONE: Data non inserita", IF(O73<=param!B2, "ATTENZIONE: Ritardo, Avvertire il cliente", "Data cons. rich. INSERITA")) -> Data cons. rich. INSERITA | AY73: =IF(OR(ISBLANK(AP73),ISBLANK(AH73)), "ATTENZIONE: Vettore non associato", IF(V73="VETTORE", "Tipo spedizione: VETTORE", IF(V73="DESTINATARIO", "Tipo spedizione: DESTINATARIO", IF(ISBLANK(V73), "ATTENZIONE: Vettore vuoto", "?")))) -> ATTENZIONE: Vettore non associato | AZ73: =IF(AM73=1, "Città OK", "ATTENZIONE: CAP non presente") -> Città OK | BA73: ATTENZIONE: Giorno congruo presa vettore | BB73: =_xlfn.CONCAT(AW73," - ",AX73," - ",AY73," - ",AZ73," - ","Data: ",BA73) -> ATTENZIONE: Data produzione non pianificata - Data cons. rich. INSERITA - ATTENZIONE: Vettore non associato - Città OK - Data: ATTENZIONE: Giorno congruo presa vettore
A74: S | B74: 100 | C74: 788 | D74: 0 | E74: 45965 | F74: 1126 | G74: MENZ&GASSER SPA | H74: SARAMCT40/BB20 | I74: 500042208/BB20 | J74: ARANCIA AMARA SUCCO CONC. TORBIDO 40 Bx-SICILIA | K74: 1440 | M74: 1440 | O74: 46002 | P74: TRASPORTI RECUPERO SRL | Q74: 4 | R74: 8 | S74: BB20 | T74: Non evaso | U74: DDP | V74: VETTORE | W74: MENZ&GASSER SPA | X74: 0 | Y74: 6 | Z74: SUCCHI | AA74: 347 | AB74: ARANCE AMARE CONC. TORBIDO | AC74: 295 | AD74: 6 | AE74: PRODOTTI MIRITZ | AF74: 7 | AG74: MATERIA PRIMA | AH74: 70 | AJ74: AQ2510588 | AL74: ? | AM74: 0 | AQ74: =_xlfn.CONCAT(C74,"/",D74) -> 788/0 | AR74: =IF(D74=0,"DA CONTRATTO","SPOT") -> DA CONTRATTO | AS74: =IF(AD74=5,"P","C") -> C | AT74: =VLOOKUP(S74,'FILE PALLETTIZZAZIONI DB SRL'!B:H,5,FALSE) -> 6 | AU74: =TEXT(N74,"gggg") -> sabato | AV74: =WEEKNUM(N74) -> 0 | AW74: =IF(AND(ISBLANK(N74),AS74="P"), "ATTENZIONE: Data produzione non pianificata", IF(AND(ISBLANK(N74),AS74="C"), "ATTENZIONE: Data arrivo merce acquisti non presente", IF(O74-N74>=AP74, "Data sped. utile INSERITA", "ATTENZIONE: GG. resa non adeguati"))) -> ATTENZIONE: Data arrivo merce acquisti non presente | AX74: =IF(ISBLANK(O74), "ATTENZIONE: Data non inserita", IF(O74<=param!B2, "ATTENZIONE: Ritardo, Avvertire il cliente", "Data cons. rich. INSERITA")) -> Data cons. rich. INSERITA | AY74: =IF(OR(ISBLANK(AP74),ISBLANK(AH74)), "ATTENZIONE: Vettore non associato", IF(V74="VETTORE", "Tipo spedizione: VETTORE", IF(V74="DESTINATARIO", "Tipo spedizione: DESTINATARIO", IF(ISBLANK(V74), "ATTENZIONE: Vettore vuoto", "?")))) -> ATTENZIONE: Vettore non associato | AZ74: =IF(AM74=1, "Città OK", "ATTENZIONE: CAP non presente") -> ATTENZIONE: CAP non presente | BA74: ATTENZIONE: Giorno congruo presa vettore | BB74: =_xlfn.CONCAT(AW74," - ",AX74," - ",AY74," - ",AZ74," - ","Data: ",BA74) -> ATTENZIONE: Data arrivo merce acquisti non presente - Data cons. rich. INSERITA - ATTENZIONE: Vettore non associato - ATTENZIONE: CAP non presente - Data: ATTENZIONE: Giorno congruo presa vettore
A75: S | B75: 101 | C75: 788 | D75: 0 | E75: 45965 | F75: 1126 | G75: MENZ&GASSER SPA | H75: SARAMCT40/SP005 | I75: 500042208/SP005 | J75: ARANCIA AMARA SUCCO CONC. TORBIDO 40 BX-SICILIA | K75: 0.5 | M75: 0.5 | O75: 46002 | P75: TRASPORTI RECUPERO SRL | Q75: 4 | R75: 8 | S75: SP005 | T75: Non evaso | U75: DDP | V75: VETTORE | W75: MENZ&GASSER SPA | X75: 0 | Y75: 6 | Z75: SUCCHI | AA75: 347 | AB75: ARANCE AMARE CONC. TORBIDO | AC75: 295 | AD75: 6 | AE75: PRODOTTI MIRITZ | AF75: 7 | AG75: MATERIA PRIMA | AH75: 70 | AJ75: AQ2510588 | AL75: ? | AM75: 0 | AQ75: =_xlfn.CONCAT(C75,"/",D75) -> 788/0 | AR75: =IF(D75=0,"DA CONTRATTO","SPOT") -> DA CONTRATTO | AS75: =IF(AD75=5,"P","C") -> C | AT75: =VLOOKUP(S75,'FILE PALLETTIZZAZIONI DB SRL'!B:H,5,FALSE) -> #N/A | AU75: =TEXT(N75,"gggg") -> sabato | AV75: =WEEKNUM(N75) -> 0 | AW75: =IF(AND(ISBLANK(N75),AS75="P"), "ATTENZIONE: Data produzione non pianificata", IF(AND(ISBLANK(N75),AS75="C"), "ATTENZIONE: Data arrivo merce acquisti non presente", IF(O75-N75>=AP75, "Data sped. utile INSERITA", "ATTENZIONE: GG. resa non adeguati"))) -> ATTENZIONE: Data arrivo merce acquisti non presente | AX75: =IF(ISBLANK(O75), "ATTENZIONE: Data non inserita", IF(O75<=param!B2, "ATTENZIONE: Ritardo, Avvertire il cliente", "Data cons. rich. INSERITA")) -> Data cons. rich. INSERITA | AY75: =IF(OR(ISBLANK(AP75),ISBLANK(AH75)), "ATTENZIONE: Vettore non associato", IF(V75="VETTORE", "Tipo spedizione: VETTORE", IF(V75="DESTINATARIO", "Tipo spedizione: DESTINATARIO", IF(ISBLANK(V75), "ATTENZIONE: Vettore vuoto", "?")))) -> ATTENZIONE: Vettore non associato | AZ75: =IF(AM75=1, "Città OK", "ATTENZIONE: CAP non presente") -> ATTENZIONE: CAP non presente | BA75: ATTENZIONE: Giorno congruo presa vettore | BB75: =_xlfn.CONCAT(AW75," - ",AX75," - ",AY75," - ",AZ75," - ","Data: ",BA75) -> ATTENZIONE: Data arrivo merce acquisti non presente - Data cons. rich. INSERITA - ATTENZIONE: Vettore non associato - ATTENZIONE: CAP non presente - Data: ATTENZIONE: Giorno congruo presa vettore
A76: S | B76: 102 | C76: 570 | D76: 800 | E76: 45978 | F76: 1126 | G76: MENZ&GASSER SPA | H76: SARBCT63/F250 | I76: 500042201/F250 | J76: SUCCO DI ARANCIA CONCENTRATO TORBIDO 63° BRIX | K76: 10000 | M76: 10000 | O76: 46003 | P76: RUSTICO BRUNO | Q76: 4 | R76: 8 | S76: F250 | T76: Non evaso | U76: DDP | V76: VETTORE | W76: MENZ&GASSER SPA | X76: 0 | Y76: 6 | Z76: SUCCHI | AA76: 348 | AB76: ARANCIA CONC. TORBIDO | AC76: 295 | AD76: 6 | AE76: PRODOTTI MIRITZ | AF76: 1 | AG76: PRODOTTO FINITO | AH76: 1 | AJ76: AQ2511028 | AK76: 45974 | AL76: ? | AM76: 0 | AN76: martedì | AO76: venerdì | AP76: 13 | AQ76: =_xlfn.CONCAT(C76,"/",D76) -> 570/800 | AR76: =IF(D76=0,"DA CONTRATTO","SPOT") -> SPOT | AS76: =IF(AD76=5,"P","C") -> C | AT76: =VLOOKUP(S76,'FILE PALLETTIZZAZIONI DB SRL'!B:H,5,FALSE) -> 2 | AU76: =TEXT(N76,"gggg") -> sabato | AV76: =WEEKNUM(N76) -> 0 | AW76: =IF(AND(ISBLANK(N76),AS76="P"), "ATTENZIONE: Data produzione non pianificata", IF(AND(ISBLANK(N76),AS76="C"), "ATTENZIONE: Data arrivo merce acquisti non presente", IF(O76-N76>=AP76, "Data sped. utile INSERITA", "ATTENZIONE: GG. resa non adeguati"))) -> ATTENZIONE: Data arrivo merce acquisti non presente | AX76: =IF(ISBLANK(O76), "ATTENZIONE: Data non inserita", IF(O76<=param!B2, "ATTENZIONE: Ritardo, Avvertire il cliente", "Data cons. rich. INSERITA")) -> Data cons. rich. INSERITA | AY76: =IF(OR(ISBLANK(AP76),ISBLANK(AH76)), "ATTENZIONE: Vettore non associato", IF(V76="VETTORE", "Tipo spedizione: VETTORE", IF(V76="DESTINATARIO", "Tipo spedizione: DESTINATARIO", IF(ISBLANK(V76), "ATTENZIONE: Vettore vuoto", "?")))) -> Tipo spedizione: VETTORE | AZ76: =IF(AM76=1, "Città OK", "ATTENZIONE: CAP non presente") -> ATTENZIONE: CAP non presente | BA76: ATTENZIONE: Giorno congruo presa vettore | BB76: =_xlfn.CONCAT(AW76," - ",AX76," - ",AY76," - ",AZ76," - ","Data: ",BA76) -> ATTENZIONE: Data arrivo merce acquisti non presente - Data cons. rich. INSERITA - Tipo spedizione: VETTORE - ATTENZIONE: CAP non presente - Data: ATTENZIONE: Giorno congruo presa vettore
A77: S | B77: 103 | C77: 570 | D77: 800 | E77: 45978 | F77: 1126 | G77: MENZ&GASSER SPA | H77: SARBCT63/SP005 | I77: 500042201/SP05 | J77: SUCCO DI ARANCIA CONCENTRATO TORBIDO 63 °BX | K77: 0.5 | M77: 0.5 | O77: 46003 | P77: RUSTICO BRUNO | Q77: 4 | R77: 8 | S77: SP005 | T77: Non evaso | U77: DDP | V77: VETTORE | W77: MENZ&GASSER SPA | X77: 0 | Y77: 6 | Z77: SUCCHI | AA77: 348 | AB77: ARANCIA CONC. TORBIDO | AC77: 295 | AD77: 6 | AE77: PRODOTTI MIRITZ | AF77: 1 | AG77: PRODOTTO FINITO | AH77: 1 | AJ77: AQ2511028 | AK77: 45974 | AL77: ? | AM77: 0 | AN77: martedì | AO77: venerdì | AP77: 13 | AQ77: =_xlfn.CONCAT(C77,"/",D77) -> 570/800 | AR77: =IF(D77=0,"DA CONTRATTO","SPOT") -> SPOT | AS77: =IF(AD77=5,"P","C") -> C | AT77: =VLOOKUP(S77,'FILE PALLETTIZZAZIONI DB SRL'!B:H,5,FALSE) -> #N/A | AU77: =TEXT(N77,"gggg") -> sabato | AV77: =WEEKNUM(N77) -> 0 | AW77: =IF(AND(ISBLANK(N77),AS77="P"), "ATTENZIONE: Data produzione non pianificata", IF(AND(ISBLANK(N77),AS77="C"), "ATTENZIONE: Data arrivo merce acquisti non presente", IF(O77-N77>=AP77, "Data sped. utile INSERITA", "ATTENZIONE: GG. resa non adeguati"))) -> ATTENZIONE: Data arrivo merce acquisti non presente | AX77: =IF(ISBLANK(O77), "ATTENZIONE: Data non inserita", IF(O77<=param!B2, "ATTENZIONE: Ritardo, Avvertire il cliente", "Data cons. rich. INSERITA")) -> Data cons. rich. INSERITA | AY77: =IF(OR(ISBLANK(AP77),ISBLANK(AH77)), "ATTENZIONE: Vettore non associato", IF(V77="VETTORE", "Tipo spedizione: VETTORE", IF(V77="DESTINATARIO", "Tipo spedizione: DESTINATARIO", IF(ISBLANK(V77), "ATTENZIONE: Vettore vuoto", "?")))) -> Tipo spedizione: VETTORE | AZ77: =IF(AM77=1, "Città OK", "ATTENZIONE: CAP non presente") -> ATTENZIONE: CAP non presente | BA77: ATTENZIONE: Giorno congruo presa vettore | BB77: =_xlfn.CONCAT(AW77," - ",AX77," - ",AY77," - ",AZ77," - ","Data: ",BA77) -> ATTENZIONE: Data arrivo merce acquisti non presente - Data cons. rich. INSERITA - Tipo spedizione: VETTORE - ATTENZIONE: CAP non presente - Data: ATTENZIONE: Giorno congruo presa vettore
A78: S | B78: 104 | C78: 793 | D78: 0 | E78: 45967 | F78: 1134 | G78: -18° SAS | H78: CFSD303/CT25 | I78: CFSD303/CT25 | J78: INSTANT COFFEE SPRAY DRIED 303 | K78: 1200 | M78: 1200 | O78: 46045 | P78: MITTENTE | Q78: 8 | R78: 10 | S78: CT25 | T78: Non evaso | U78: DDP | V78: VETTORE | W78: AMORINO | X78: 94310 | Y78: 4 | Z78: CAFFE' | AA78: 988 | AB78: SOLUBILE | AC78: 45 | AD78: 4 | AE78: PRODOTTI COMMERCIALIZZATI | AF78: 1 | AG78: PRODOTTO FINITO | AH78: 23 | AJ78: BCF37524 | AL78: Sì | AM78: 1 | AQ78: =_xlfn.CONCAT(C78,"/",D78) -> 793/0 | AR78: =IF(D78=0,"DA CONTRATTO","SPOT") -> DA CONTRATTO | AS78: =IF(AD78=5,"P","C") -> C | AT78: =VLOOKUP(S78,'FILE PALLETTIZZAZIONI DB SRL'!B:H,5,FALSE) -> #N/A | AU78: =TEXT(N78,"gggg") -> sabato | AV78: =WEEKNUM(N78) -> 0 | AW78: =IF(AND(ISBLANK(N78),AS78="P"), "ATTENZIONE: Data produzione non pianificata", IF(AND(ISBLANK(N78),AS78="C"), "ATTENZIONE: Data arrivo merce acquisti non presente", IF(O78-N78>=AP78, "Data sped. utile INSERITA", "ATTENZIONE: GG. resa non adeguati"))) -> ATTENZIONE: Data arrivo merce acquisti non presente | AX78: =IF(ISBLANK(O78), "ATTENZIONE: Data non inserita", IF(O78<=param!B2, "ATTENZIONE: Ritardo, Avvertire il cliente", "Data cons. rich. INSERITA")) -> Data cons. rich. INSERITA | AY78: =IF(OR(ISBLANK(AP78),ISBLANK(AH78)), "ATTENZIONE: Vettore non associato", IF(V78="VETTORE", "Tipo spedizione: VETTORE", IF(V78="DESTINATARIO", "Tipo spedizione: DESTINATARIO", IF(ISBLANK(V78), "ATTENZIONE: Vettore vuoto", "?")))) -> ATTENZIONE: Vettore non associato | AZ78: =IF(AM78=1, "Città OK", "ATTENZIONE: CAP non presente") -> Città OK | BA78: ATTENZIONE: Giorno congruo presa vettore | BB78: =_xlfn.CONCAT(AW78," - ",AX78," - ",AY78," - ",AZ78," - ","Data: ",BA78) -> ATTENZIONE: Data arrivo merce acquisti non presente - Data cons. rich. INSERITA - ATTENZIONE: Vettore non associato - Città OK - Data: ATTENZIONE: Giorno congruo presa vettore
A79: S | B79: 105 | C79: 475 | D79: 800 | E79: 45905 | F79: 1134 | G79: -18° SAS | H79: CFSD303/CT25 | I79: CFSD303/CT25 | J79: INSTANT COFFEE SPRAY DRIED 303 | K79: 1200 | M79: 1200 | N79: 46037 | O79: 46045 | P79: SCHENKER ITALIANA SPA | Q79: 8 | R79: 10 | S79: CT25 | T79: Non evaso | U79: DDP | V79: VETTORE | W79: AMORINO | X79: 94310 | Y79: 4 | Z79: CAFFE' | AA79: 988 | AB79: SOLUBILE | AC79: 45 | AD79: 4 | AE79: PRODOTTI COMMERCIALIZZATI | AF79: 1 | AG79: PRODOTTO FINITO | AH79: 6 | AJ79: BCF37110 | AK79: 45910 | AL79: Sì | AM79: 1 | AQ79: =_xlfn.CONCAT(C79,"/",D79) -> 475/800 | AR79: =IF(D79=0,"DA CONTRATTO","SPOT") -> SPOT | AS79: =IF(AD79=5,"P","C") -> C | AT79: =VLOOKUP(S79,'FILE PALLETTIZZAZIONI DB SRL'!B:H,5,FALSE) -> #N/A | AU79: =TEXT(N79,"gggg") -> giovedì | AV79: =WEEKNUM(N79) -> 3 | AW79: =IF(AND(ISBLANK(N79),AS79="P"), "ATTENZIONE: Data produzione non pianificata", IF(AND(ISBLANK(N79),AS79="C"), "ATTENZIONE: Data arrivo merce acquisti non presente", IF(O79-N79>=AP79, "Data sped. utile INSERITA", "ATTENZIONE: GG. resa non adeguati"))) -> Data sped. utile INSERITA | AX79: =IF(ISBLANK(O79), "ATTENZIONE: Data non inserita", IF(O79<=param!B2, "ATTENZIONE: Ritardo, Avvertire il cliente", "Data cons. rich. INSERITA")) -> Data cons. rich. INSERITA | AY79: =IF(OR(ISBLANK(AP79),ISBLANK(AH79)), "ATTENZIONE: Vettore non associato", IF(V79="VETTORE", "Tipo spedizione: VETTORE", IF(V79="DESTINATARIO", "Tipo spedizione: DESTINATARIO", IF(ISBLANK(V79), "ATTENZIONE: Vettore vuoto", "?")))) -> ATTENZIONE: Vettore non associato | AZ79: =IF(AM79=1, "Città OK", "ATTENZIONE: CAP non presente") -> Città OK | BA79: ATTENZIONE: Giorno congruo presa vettore | BB79: =_xlfn.CONCAT(AW79," - ",AX79," - ",AY79," - ",AZ79," - ","Data: ",BA79) -> Data sped. utile INSERITA - Data cons. rich. INSERITA - ATTENZIONE: Vettore non associato - Città OK - Data: ATTENZIONE: Giorno congruo presa vettore
A80: S | B80: 108 | C80: 827 | D80: 0 | E80: 45979 | F80: 1156 | G80: SN SOPROGLACES | H80: MPPNSTD900/P11 | I80: B0550/P11 | J80: DARK ROASTED HAZELNUT PASTE | K80: 1500 | M80: 1500 | O80: 46063 | P80: RUSTICO BRUNO + CHRIS SRL | Q80: 8 | R80: 10 | S80: P11 | T80: Non evaso | U80: DDP | V80: VETTORE | W80: GEXPA / SOGEDIAL | X80: 76600 LE HAVRE - FRANC | Y80: 4 | Z80: PASTE | AA80: 745 | AB80: NOCCIOLE | AC80: 235 | AD80: 4 | AE80: PRODOTTI COMMERCIALIZZATI | AF80: 1 | AG80: PRODOTTO FINITO | AH80: 10 | AJ80: 11211 | AL80: Sì | AM80: 1 | AQ80: =_xlfn.CONCAT(C80,"/",D80) -> 827/0 | AR80: =IF(D80=0,"DA CONTRATTO","SPOT") -> DA CONTRATTO | AS80: =IF(AD80=5,"P","C") -> C | AT80: =VLOOKUP(S80,'FILE PALLETTIZZAZIONI DB SRL'!B:H,5,FALSE) -> 2 | AU80: =TEXT(N80,"gggg") -> sabato | AV80: =WEEKNUM(N80) -> 0 | AW80: =IF(AND(ISBLANK(N80),AS80="P"), "ATTENZIONE: Data produzione non pianificata", IF(AND(ISBLANK(N80),AS80="C"), "ATTENZIONE: Data arrivo merce acquisti non presente", IF(O80-N80>=AP80, "Data sped. utile INSERITA", "ATTENZIONE: GG. resa non adeguati"))) -> ATTENZIONE: Data arrivo merce acquisti non presente | AX80: =IF(ISBLANK(O80), "ATTENZIONE: Data non inserita", IF(O80<=param!B2, "ATTENZIONE: Ritardo, Avvertire il cliente", "Data cons. rich. INSERITA")) -> Data cons. rich. INSERITA | AY80: =IF(OR(ISBLANK(AP80),ISBLANK(AH80)), "ATTENZIONE: Vettore non associato", IF(V80="VETTORE", "Tipo spedizione: VETTORE", IF(V80="DESTINATARIO", "Tipo spedizione: DESTINATARIO", IF(ISBLANK(V80), "ATTENZIONE: Vettore vuoto", "?")))) -> ATTENZIONE: Vettore non associato | AZ80: =IF(AM80=1, "Città OK", "ATTENZIONE: CAP non presente") -> Città OK | BA80: ATTENZIONE: Giorno congruo presa vettore | BB80: =_xlfn.CONCAT(AW80," - ",AX80," - ",AY80," - ",AZ80," - ","Data: ",BA80) -> ATTENZIONE: Data arrivo merce acquisti non presente - Data cons. rich. INSERITA - ATTENZIONE: Vettore non associato - Città OK - Data: ATTENZIONE: Giorno congruo presa vettore
A81: S | B81: 109 | C81: 830 | D81: 0 | E81: 45979 | F81: 1156 | G81: SN SOPROGLACES | H81: EDPGD710/P11 | I81: EDPGD710/P11 | J81: SWEET GIANDUIOTTO PASTE | K81: 1000 | M81: 1000 | O81: 46234 | P81: RUSTICO BRUNO + CHRIS SRL | Q81: 8 | R81: 10 | S81: P11 | T81: Non evaso | U81: DDP | V81: VETTORE | W81: GEXPA / SOGEDIAL | X81: 76600 LE HAVRE - FRANC | Y81: 5 | Z81: PASTE | AA81: 550 | AB81: GIANDUIA | AC81: 235 | AD81: 5 | AE81: PRODOTTI DI BARTOLO | AF81: 1 | AG81: PRODOTTO FINITO | AH81: 10 | AJ81: 11212 | AL81: Sì | AM81: 1 | AQ81: =_xlfn.CONCAT(C81,"/",D81) -> 830/0 | AR81: =IF(D81=0,"DA CONTRATTO","SPOT") -> DA CONTRATTO | AS81: =IF(AD81=5,"P","C") -> P | AT81: =VLOOKUP(S81,'FILE PALLETTIZZAZIONI DB SRL'!B:H,5,FALSE) -> 2 | AU81: =TEXT(N81,"gggg") -> sabato | AV81: =WEEKNUM(N81) -> 0 | AW81: =IF(AND(ISBLANK(N81),AS81="P"), "ATTENZIONE: Data produzione non pianificata", IF(AND(ISBLANK(N81),AS81="C"), "ATTENZIONE: Data arrivo merce acquisti non presente", IF(O81-N81>=AP81, "Data sped. utile INSERITA", "ATTENZIONE: GG. resa non adeguati"))) -> ATTENZIONE: Data produzione non pianificata | AX81: =IF(ISBLANK(O81), "ATTENZIONE: Data non inserita", IF(O81<=param!B2, "ATTENZIONE: Ritardo, Avvertire il cliente", "Data cons. rich. INSERITA")) -> Data cons. rich. INSERITA | AY81: =IF(OR(ISBLANK(AP81),ISBLANK(AH81)), "ATTENZIONE: Vettore non associato", IF(V81="VETTORE", "Tipo spedizione: VETTORE", IF(V81="DESTINATARIO", "Tipo spedizione: DESTINATARIO", IF(ISBLANK(V81), "ATTENZIONE: Vettore vuoto", "?")))) -> ATTENZIONE: Vettore non associato | AZ81: =IF(AM81=1, "Città OK", "ATTENZIONE: CAP non presente") -> Città OK | BA81: ATTENZIONE: Giorno congruo presa vettore | BB81: =_xlfn.CONCAT(AW81," - ",AX81," - ",AY81," - ",AZ81," - ","Data: ",BA81) -> ATTENZIONE: Data produzione non pianificata - Data cons. rich. INSERITA - ATTENZIONE: Vettore non associato - Città OK - Data: ATTENZIONE: Giorno congruo presa vettore
A82: S | B82: 117 | C82: 571 | D82: 800 | E82: 45978 | F82: 1210 | G82: LINDT & SPRÜNGLI S.p.A. | H82: PPS1391(NEW)/P17 | I82: 870026/P17 | J82: PAST INS C PIST SICILIA | K82: 275 | M82: 275 | O82: 46010 | P82: RUSTICO BRUNO | Q82: 8 | R82: 10 | S82: P17 | T82: Non evaso | U82: DDP | V82: VETTORE | W82: LINDT & SPRÜNGLI S.p.A | X82: 20013 MAGENTA (MI) | Y82: 5 | Z82: PASTE | AA82: 870 | AB82: PISTACCHIO | AC82: 235 | AD82: 5 | AE82: PRODOTTI DI BARTOLO | AF82: 1 | AG82: PRODOTTO FINITO | AH82: 1 | AJ82: 4500242896 | AK82: 45596 | AL82: No | AM82: 1 | AN82: martedì | AO82: venerdì | AP82: 5 | AQ82: =_xlfn.CONCAT(C82,"/",D82) -> 571/800 | AR82: =IF(D82=0,"DA CONTRATTO","SPOT") -> SPOT | AS82: =IF(AD82=5,"P","C") -> P | AT82: =VLOOKUP(S82,'FILE PALLETTIZZAZIONI DB SRL'!B:H,5,FALSE) -> 110 | AU82: =TEXT(N82,"gggg") -> sabato | AV82: =WEEKNUM(N82) -> 0 | AW82: =IF(AND(ISBLANK(N82),AS82="P"), "ATTENZIONE: Data produzione non pianificata", IF(AND(ISBLANK(N82),AS82="C"), "ATTENZIONE: Data arrivo merce acquisti non presente", IF(O82-N82>=AP82, "Data sped. utile INSERITA", "ATTENZIONE: GG. resa non adeguati"))) -> ATTENZIONE: Data produzione non pianificata | AX82: =IF(ISBLANK(O82), "ATTENZIONE: Data non inserita", IF(O82<=param!B2, "ATTENZIONE: Ritardo, Avvertire il cliente", "Data cons. rich. INSERITA")) -> Data cons. rich. INSERITA | AY82: =IF(OR(ISBLANK(AP82),ISBLANK(AH82)), "ATTENZIONE: Vettore non associato", IF(V82="VETTORE", "Tipo spedizione: VETTORE", IF(V82="DESTINATARIO", "Tipo spedizione: DESTINATARIO", IF(ISBLANK(V82), "ATTENZIONE: Vettore vuoto", "?")))) -> Tipo spedizione: VETTORE | AZ82: =IF(AM82=1, "Città OK", "ATTENZIONE: CAP non presente") -> Città OK | BA82: ATTENZIONE: Giorno congruo presa vettore | BB82: =_xlfn.CONCAT(AW82," - ",AX82," - ",AY82," - ",AZ82," - ","Data: ",BA82) -> ATTENZIONE: Data produzione non pianificata - Data cons. rich. INSERITA - Tipo spedizione: VETTORE - Città OK - Data: ATTENZIONE: Giorno congruo presa vettore
A83: S | B83: 118 | C83: 804 | D83: 0 | E83: 45975 | F83: 1224 | G83: DISARONNO INGREDIENTS S.P.A. | H83: MPPARTS704/P11 | I83: 66685 | J83: PASTA DI ARACHIDI TOSTATE SALATE | K83: 3000 | M83: 3000 | O83: 46006 | P83: RUSTICO BRUNO | Q83: 8 | R83: 10 | S83: P11 | T83: Non evaso | U83: DDP | V83: VETTORE | W83: DISARONNO INGREDIENTS | X83: 36077 ALTAVILLA VICENT | Y83: 4 | Z83: PASTE | AA83: 115 | AB83: ARACHIDI | AC83: 235 | AD83: 4 | AE83: PRODOTTI COMMERCIALIZZATI | AF83: 1 | AG83: PRODOTTO FINITO | AH83: 1 | AJ83: 25001705 OC | AL83: No | AM83: 1 | AN83: martedì | AO83: venerdì | AP83: 5 | AQ83: =_xlfn.CONCAT(C83,"/",D83) -> 804/0 | AR83: =IF(D83=0,"DA CONTRATTO","SPOT") -> DA CONTRATTO | AS83: =IF(AD83=5,"P","C") -> C | AT83: =VLOOKUP(S83,'FILE PALLETTIZZAZIONI DB SRL'!B:H,5,FALSE) -> 2 | AU83: =TEXT(N83,"gggg") -> sabato | AV83: =WEEKNUM(N83) -> 0 | AW83: =IF(AND(ISBLANK(N83),AS83="P"), "ATTENZIONE: Data produzione non pianificata", IF(AND(ISBLANK(N83),AS83="C"), "ATTENZIONE: Data arrivo merce acquisti non presente", IF(O83-N83>=AP83, "Data sped. utile INSERITA", "ATTENZIONE: GG. resa non adeguati"))) -> ATTENZIONE: Data arrivo merce acquisti non presente | AX83: =IF(ISBLANK(O83), "ATTENZIONE: Data non inserita", IF(O83<=param!B2, "ATTENZIONE: Ritardo, Avvertire il cliente", "Data cons. rich. INSERITA")) -> Data cons. rich. INSERITA | AY83: =IF(OR(ISBLANK(AP83),ISBLANK(AH83)), "ATTENZIONE: Vettore non associato", IF(V83="VETTORE", "Tipo spedizione: VETTORE", IF(V83="DESTINATARIO", "Tipo spedizione: DESTINATARIO", IF(ISBLANK(V83), "ATTENZIONE: Vettore vuoto", "?")))) -> Tipo spedizione: VETTORE | AZ83: =IF(AM83=1, "Città OK", "ATTENZIONE: CAP non presente") -> Città OK | BA83: ATTENZIONE: Giorno congruo presa vettore | BB83: =_xlfn.CONCAT(AW83," - ",AX83," - ",AY83," - ",AZ83," - ","Data: ",BA83) -> ATTENZIONE: Data arrivo merce acquisti non presente - Data cons. rich. INSERITA - Tipo spedizione: VETTORE - Città OK - Data: ATTENZIONE: Giorno congruo presa vettore
A84: S | B84: 119 | C84: 805 | D84: 0 | E84: 45975 | F84: 1224 | G84: DISARONNO INGREDIENTS S.P.A. | H84: PMPT341/P11 | I84: M341/P11 | J84: PASTA MANDORLA PRIMA BARI | K84: 1000 | M84: 1000 | O84: 46009 | P84: RUSTICO BRUNO | Q84: 8 | R84: 10 | S84: P11 | T84: Non evaso | U84: DDP | V84: VETTORE | W84: DISARONNO INGREDIENTS | X84: 36077 ALTAVILLA VICENT | Y84: 5 | Z84: PASTE | AA84: 213 | AB84: MANDORLE | AC84: 235 | AD84: 5 | AE84: PRODOTTI DI BARTOLO | AF84: 1 | AG84: PRODOTTO FINITO | AH84: 1 | AJ84: 25001706 OC | AL84: No | AM84: 1 | AN84: martedì | AO84: venerdì | AP84: 5 | AQ84: =_xlfn.CONCAT(C84,"/",D84) -> 805/0 | AR84: =IF(D84=0,"DA CONTRATTO","SPOT") -> DA CONTRATTO | AS84: =IF(AD84=5,"P","C") -> P | AT84: =VLOOKUP(S84,'FILE PALLETTIZZAZIONI DB SRL'!B:H,5,FALSE) -> 2 | AU84: =TEXT(N84,"gggg") -> sabato | AV84: =WEEKNUM(N84) -> 0 | AW84: =IF(AND(ISBLANK(N84),AS84="P"), "ATTENZIONE: Data produzione non pianificata", IF(AND(ISBLANK(N84),AS84="C"), "ATTENZIONE: Data arrivo merce acquisti non presente", IF(O84-N84>=AP84, "Data sped. utile INSERITA", "ATTENZIONE: GG. resa non adeguati"))) -> ATTENZIONE: Data produzione non pianificata | AX84: =IF(ISBLANK(O84), "ATTENZIONE: Data non inserita", IF(O84<=param!B2, "ATTENZIONE: Ritardo, Avvertire il cliente", "Data cons. rich. INSERITA")) -> Data cons. rich. INSERITA | AY84: =IF(OR(ISBLANK(AP84),ISBLANK(AH84)), "ATTENZIONE: Vettore non associato", IF(V84="VETTORE", "Tipo spedizione: VETTORE", IF(V84="DESTINATARIO", "Tipo spedizione: DESTINATARIO", IF(ISBLANK(V84), "ATTENZIONE: Vettore vuoto", "?")))) -> Tipo spedizione: VETTORE | AZ84: =IF(AM84=1, "Città OK", "ATTENZIONE: CAP non presente") -> Città OK | BA84: ATTENZIONE: Giorno congruo presa vettore | BB84: =_xlfn.CONCAT(AW84," - ",AX84," - ",AY84," - ",AZ84," - ","Data: ",BA84) -> ATTENZIONE: Data produzione non pianificata - Data cons. rich. INSERITA - Tipo spedizione: VETTORE - Città OK - Data: ATTENZIONE: Giorno congruo presa vettore
A85: S | B85: 120 | C85: 812 | D85: 0 | E85: 45975 | F85: 1224 | G85: DISARONNO INGREDIENTS S.P.A. | H85: PMPT338/P21 | I85: M338B/P21 | J85: PASTA MANDORLA MEDITERRANEO CHIARA | K85: 480 | M85: 480 | O85: 46048 | P85: CURRO' TRASPORTI SRL | Q85: 8 | R85: 10 | S85: P21 | T85: Non evaso | U85: DDP | V85: VETTORE | W85: DISARONNO INGREDIENTS | X85: 36077 ALTAVILLA VICENT | Y85: 5 | Z85: PASTE | AA85: 213 | AB85: MANDORLE | AC85: 235 | AD85: 5 | AE85: PRODOTTI DI BARTOLO | AF85: 1 | AG85: PRODOTTO FINITO | AH85: 2 | AJ85: 25001711 OC | AL85: No | AM85: 1 | AQ85: =_xlfn.CONCAT(C85,"/",D85) -> 812/0 | AR85: =IF(D85=0,"DA CONTRATTO","SPOT") -> DA CONTRATTO | AS85: =IF(AD85=5,"P","C") -> P | AT85: =VLOOKUP(S85,'FILE PALLETTIZZAZIONI DB SRL'!B:H,5,FALSE) -> 2 | AU85: =TEXT(N85,"gggg") -> sabato | AV85: =WEEKNUM(N85) -> 0 | AW85: =IF(AND(ISBLANK(N85),AS85="P"), "ATTENZIONE: Data produzione non pianificata", IF(AND(ISBLANK(N85),AS85="C"), "ATTENZIONE: Data arrivo merce acquisti non presente", IF(O85-N85>=AP85, "Data sped. utile INSERITA", "ATTENZIONE: GG. resa non adeguati"))) -> ATTENZIONE: Data produzione non pianificata | AX85: =IF(ISBLANK(O85), "ATTENZIONE: Data non inserita", IF(O85<=param!B2, "ATTENZIONE: Ritardo, Avvertire il cliente", "Data cons. rich. INSERITA")) -> Data cons. rich. INSERITA | AY85: =IF(OR(ISBLANK(AP85),ISBLANK(AH85)), "ATTENZIONE: Vettore non associato", IF(V85="VETTORE", "Tipo spedizione: VETTORE", IF(V85="DESTINATARIO", "Tipo spedizione: DESTINATARIO", IF(ISBLANK(V85), "ATTENZIONE: Vettore vuoto", "?")))) -> ATTENZIONE: Vettore non associato | AZ85: =IF(AM85=1, "Città OK", "ATTENZIONE: CAP non presente") -> Città OK | BA85: ATTENZIONE: Giorno congruo presa vettore | BB85: =_xlfn.CONCAT(AW85," - ",AX85," - ",AY85," - ",AZ85," - ","Data: ",BA85) -> ATTENZIONE: Data produzione non pianificata - Data cons. rich. INSERITA - ATTENZIONE: Vettore non associato - Città OK - Data: ATTENZIONE: Giorno congruo presa vettore
A86: S | B86: 121 | C86: 824 | D86: 0 | E86: 45979 | F86: 1224 | G86: DISARONNO INGREDIENTS S.P.A. | H86: MPPARTS704/P11 | I86: 66685 | J86: PASTA DI ARACHIDI TOSTATE SALATE | K86: 3500 | M86: 3500 | O86: 46050 | P86: RUSTICO BRUNO | Q86: 8 | R86: 10 | S86: P11 | T86: Non evaso | U86: DDP | V86: VETTORE | W86: DISARONNO INGREDIENTS | X86: 36077 ALTAVILLA VICENT | Y86: 4 | Z86: PASTE | AA86: 115 | AB86: ARACHIDI | AC86: 235 | AD86: 4 | AE86: PRODOTTI COMMERCIALIZZATI | AF86: 1 | AG86: PRODOTTO FINITO | AH86: 1 | AJ86: 25001710 OC | AL86: No | AM86: 1 | AN86: martedì | AO86: venerdì | AP86: 5 | AQ86: =_xlfn.CONCAT(C86,"/",D86) -> 824/0 | AR86: =IF(D86=0,"DA CONTRATTO","SPOT") -> DA CONTRATTO | AS86: =IF(AD86=5,"P","C") -> C | AT86: =VLOOKUP(S86,'FILE PALLETTIZZAZIONI DB SRL'!B:H,5,FALSE) -> 2 | AU86: =TEXT(N86,"gggg") -> sabato | AV86: =WEEKNUM(N86) -> 0 | AW86: =IF(AND(ISBLANK(N86),AS86="P"), "ATTENZIONE: Data produzione non pianificata", IF(AND(ISBLANK(N86),AS86="C"), "ATTENZIONE: Data arrivo merce acquisti non presente", IF(O86-N86>=AP86, "Data sped. utile INSERITA", "ATTENZIONE: GG. resa non adeguati"))) -> ATTENZIONE: Data arrivo merce acquisti non presente | AX86: =IF(ISBLANK(O86), "ATTENZIONE: Data non inserita", IF(O86<=param!B2, "ATTENZIONE: Ritardo, Avvertire il cliente", "Data cons. rich. INSERITA")) -> Data cons. rich. INSERITA | AY86: =IF(OR(ISBLANK(AP86),ISBLANK(AH86)), "ATTENZIONE: Vettore non associato", IF(V86="VETTORE", "Tipo spedizione: VETTORE", IF(V86="DESTINATARIO", "Tipo spedizione: DESTINATARIO", IF(ISBLANK(V86), "ATTENZIONE: Vettore vuoto", "?")))) -> Tipo spedizione: VETTORE | AZ86: =IF(AM86=1, "Città OK", "ATTENZIONE: CAP non presente") -> Città OK | BA86: ATTENZIONE: Giorno congruo presa vettore | BB86: =_xlfn.CONCAT(AW86," - ",AX86," - ",AY86," - ",AZ86," - ","Data: ",BA86) -> ATTENZIONE: Data arrivo merce acquisti non presente - Data cons. rich. INSERITA - Tipo spedizione: VETTORE - Città OK - Data: ATTENZIONE: Giorno congruo presa vettore
A87: S | B87: 127 | C87: 808 | D87: 0 | E87: 45975 | F87: 1232 | G87: UNILEVER EUROPE B.V. | H87: GRPAP41068/G21 | I87: 68832228 /G21 | J87: SUGARED PISTACHIO GRAIN 6-8 MM GROM 050082 | K87: 640 | M87: 640 | O87: 46030 | P87: CURRO' TRASPORTI SRL | Q87: 8 | R87: 10 | S87: G21 | T87: Non evaso | U87: DDP | V87: VETTORE | W87: PI PLANT MAPPANO WAREH | X87: MAPPANO 10079 (TO) | Y87: 5 | Z87: GRANELLE PRALINATE | AA87: 216 | AB87: PISTACCHI | AC87: 125 | AD87: 5 | AE87: PRODOTTI DI BARTOLO | AF87: 1 | AG87: PRODOTTO FINITO | AH87: 2 | AJ87: 4519042072 | AL87: No | AM87: 1 | AQ87: =_xlfn.CONCAT(C87,"/",D87) -> 808/0 | AR87: =IF(D87=0,"DA CONTRATTO","SPOT") -> DA CONTRATTO | AS87: =IF(AD87=5,"P","C") -> P | AT87: =VLOOKUP(S87,'FILE PALLETTIZZAZIONI DB SRL'!B:H,5,FALSE) -> 2 | AU87: =TEXT(N87,"gggg") -> sabato | AV87: =WEEKNUM(N87) -> 0 | AW87: =IF(AND(ISBLANK(N87),AS87="P"), "ATTENZIONE: Data produzione non pianificata", IF(AND(ISBLANK(N87),AS87="C"), "ATTENZIONE: Data arrivo merce acquisti non presente", IF(O87-N87>=AP87, "Data sped. utile INSERITA", "ATTENZIONE: GG. resa non adeguati"))) -> ATTENZIONE: Data produzione non pianificata | AX87: =IF(ISBLANK(O87), "ATTENZIONE: Data non inserita", IF(O87<=param!B2, "ATTENZIONE: Ritardo, Avvertire il cliente", "Data cons. rich. INSERITA")) -> Data cons. rich. INSERITA | AY87: =IF(OR(ISBLANK(AP87),ISBLANK(AH87)), "ATTENZIONE: Vettore non associato", IF(V87="VETTORE", "Tipo spedizione: VETTORE", IF(V87="DESTINATARIO", "Tipo spedizione: DESTINATARIO", IF(ISBLANK(V87), "ATTENZIONE: Vettore vuoto", "?")))) -> ATTENZIONE: Vettore non associato | AZ87: =IF(AM87=1, "Città OK", "ATTENZIONE: CAP non presente") -> Città OK | BA87: ATTENZIONE: Giorno congruo presa vettore | BB87: =_xlfn.CONCAT(AW87," - ",AX87," - ",AY87," - ",AZ87," - ","Data: ",BA87) -> ATTENZIONE: Data produzione non pianificata - Data cons. rich. INSERITA - ATTENZIONE: Vettore non associato - Città OK - Data: ATTENZIONE: Giorno congruo presa vettore
A88: S | B88: 128 | C88: 809 | D88: 0 | E88: 45975 | F88: 1232 | G88: UNILEVER EUROPE B.V. | H88: GRPAN40846/G21 | I88: 68832227/G21 | J88: SUGARED HAZELNUT GRAIN 4-6 MM GROM 050068 | K88: 640 | M88: 640 | O88: 46030 | P88: CURRO' TRASPORTI SRL | Q88: 8 | R88: 10 | S88: G21 | T88: Non evaso | U88: DDP | V88: VETTORE | W88: PI PLANT MAPPANO WAREH | X88: MAPPANO 10079 (TO) | Y88: 5 | Z88: GRANELLE PRALINATE | AA88: 745 | AB88: NOCCIOLE | AC88: 125 | AD88: 5 | AE88: PRODOTTI DI BARTOLO | AF88: 1 | AG88: PRODOTTO FINITO | AH88: 2 | AJ88: 4519042072 | AL88: No | AM88: 1 | AQ88: =_xlfn.CONCAT(C88,"/",D88) -> 809/0 | AR88: =IF(D88=0,"DA CONTRATTO","SPOT") -> DA CONTRATTO | AS88: =IF(AD88=5,"P","C") -> P | AT88: =VLOOKUP(S88,'FILE PALLETTIZZAZIONI DB SRL'!B:H,5,FALSE) -> 2 | AU88: =TEXT(N88,"gggg") -> sabato | AV88: =WEEKNUM(N88) -> 0 | AW88: =IF(AND(ISBLANK(N88),AS88="P"), "ATTENZIONE: Data produzione non pianificata", IF(AND(ISBLANK(N88),AS88="C"), "ATTENZIONE: Data arrivo merce acquisti non presente", IF(O88-N88>=AP88, "Data sped. utile INSERITA", "ATTENZIONE: GG. resa non adeguati"))) -> ATTENZIONE: Data produzione non pianificata | AX88: =IF(ISBLANK(O88), "ATTENZIONE: Data non inserita", IF(O88<=param!B2, "ATTENZIONE: Ritardo, Avvertire il cliente", "Data cons. rich. INSERITA")) -> Data cons. rich. INSERITA | AY88: =IF(OR(ISBLANK(AP88),ISBLANK(AH88)), "ATTENZIONE: Vettore non associato", IF(V88="VETTORE", "Tipo spedizione: VETTORE", IF(V88="DESTINATARIO", "Tipo spedizione: DESTINATARIO", IF(ISBLANK(V88), "ATTENZIONE: Vettore vuoto", "?")))) -> ATTENZIONE: Vettore non associato | AZ88: =IF(AM88=1, "Città OK", "ATTENZIONE: CAP non presente") -> Città OK | BA88: ATTENZIONE: Giorno congruo presa vettore | BB88: =_xlfn.CONCAT(AW88," - ",AX88," - ",AY88," - ",AZ88," - ","Data: ",BA88) -> ATTENZIONE: Data produzione non pianificata - Data cons. rich. INSERITA - ATTENZIONE: Vettore non associato - Città OK - Data: ATTENZIONE: Giorno congruo presa vettore
A89: S | B89: 129 | C89: 722 | D89: 0 | E89: 45923 | F89: 2382 | G89: GLACES DE BOURBON | H89: PPAPG2/P11 | I89: PPAPG2/P11 | J89: PISTACHIO PASTE U | K89: 500 | M89: 500 | N89: 45992 | O89: 46017 | P89: CURRO' TRASPORTI SRL | Q89: 8 | R89: 10 | S89: P11 | T89: Non evaso | U89: DDP | V89: VETTORE | W89: RDT LOG | X89: 13310 SAINT-MARTIN-DE- | Y89: 5 | Z89: PASTE | AA89: 870 | AB89: PISTACCHIO | AC89: 235 | AD89: 5 | AE89: PRODOTTI DI BARTOLO | AF89: 1 | AG89: PRODOTTO FINITO | AH89: 2 | AJ89: 100687 | AL89: Sì | AM89: 1 | AQ89: =_xlfn.CONCAT(C89,"/",D89) -> 722/0 | AR89: =IF(D89=0,"DA CONTRATTO","SPOT") -> DA CONTRATTO | AS89: =IF(AD89=5,"P","C") -> P | AT89: =VLOOKUP(S89,'FILE PALLETTIZZAZIONI DB SRL'!B:H,5,FALSE) -> 2 | AU89: =TEXT(N89,"gggg") -> lunedì | AV89: =WEEKNUM(N89) -> 49 | AW89: =IF(AND(ISBLANK(N89),AS89="P"), "ATTENZIONE: Data produzione non pianificata", IF(AND(ISBLANK(N89),AS89="C"), "ATTENZIONE: Data arrivo merce acquisti non presente", IF(O89-N89>=AP89, "Data sped. utile INSERITA", "ATTENZIONE: GG. resa non adeguati"))) -> Data sped. utile INSERITA | AX89: =IF(ISBLANK(O89), "ATTENZIONE: Data non inserita", IF(O89<=param!B2, "ATTENZIONE: Ritardo, Avvertire il cliente", "Data cons. rich. INSERITA")) -> Data cons. rich. INSERITA | AY89: =IF(OR(ISBLANK(AP89),ISBLANK(AH89)), "ATTENZIONE: Vettore non associato", IF(V89="VETTORE", "Tipo spedizione: VETTORE", IF(V89="DESTINATARIO", "Tipo spedizione: DESTINATARIO", IF(ISBLANK(V89), "ATTENZIONE: Vettore vuoto", "?")))) -> ATTENZIONE: Vettore non associato | AZ89: =IF(AM89=1, "Città OK", "ATTENZIONE: CAP non presente") -> Città OK | BA89: ATTENZIONE: Giorno congruo presa vettore | BB89: =_xlfn.CONCAT(AW89," - ",AX89," - ",AY89," - ",AZ89," - ","Data: ",BA89) -> Data sped. utile INSERITA - Data cons. rich. INSERITA - ATTENZIONE: Vettore non associato - Città OK - Data: ATTENZIONE: Giorno congruo presa vettore
A90: S | B90: 130 | C90: 815 | D90: 0 | E90: 45978 | F90: 2383 | G90: GOLOSI DI SALUTE SRL | H90: PPM4/P11 | I90: 1830054/P11 | J90: PASTA PISTACCHIO SPAGNA | K90: 1500 | M90: 1500 | O90: 45989 | P90: CURRO' TRASPORTI SRL | Q90: 8 | R90: 10 | S90: P11 | T90: Non evaso | U90: DDP | V90: VETTORE | W90: GOLOSI DI SALUTE SRL | X90: 12066 MONTICELLO D'ALB | Y90: 5 | Z90: PASTE | AA90: 870 | AB90: PISTACCHIO | AC90: 235 | AD90: 5 | AE90: PRODOTTI DI BARTOLO | AF90: 1 | AG90: PRODOTTO FINITO | AH90: 2 | AJ90: 815/OP | AL90: No | AM90: 1 | AQ90: =_xlfn.CONCAT(C90,"/",D90) -> 815/0 | AR90: =IF(D90=0,"DA CONTRATTO","SPOT") -> DA CONTRATTO | AS90: =IF(AD90=5,"P","C") -> P | AT90: =VLOOKUP(S90,'FILE PALLETTIZZAZIONI DB SRL'!B:H,5,FALSE) -> 2 | AU90: =TEXT(N90,"gggg") -> sabato | AV90: =WEEKNUM(N90) -> 0 | AW90: =IF(AND(ISBLANK(N90),AS90="P"), "ATTENZIONE: Data produzione non pianificata", IF(AND(ISBLANK(N90),AS90="C"), "ATTENZIONE: Data arrivo merce acquisti non presente", IF(O90-N90>=AP90, "Data sped. utile INSERITA", "ATTENZIONE: GG. resa non adeguati"))) -> ATTENZIONE: Data produzione non pianificata | AX90: =IF(ISBLANK(O90), "ATTENZIONE: Data non inserita", IF(O90<=param!B2, "ATTENZIONE: Ritardo, Avvertire il cliente", "Data cons. rich. INSERITA")) -> Data cons. rich. INSERITA | AY90: =IF(OR(ISBLANK(AP90),ISBLANK(AH90)), "ATTENZIONE: Vettore non associato", IF(V90="VETTORE", "Tipo spedizione: VETTORE", IF(V90="DESTINATARIO", "Tipo spedizione: DESTINATARIO", IF(ISBLANK(V90), "ATTENZIONE: Vettore vuoto", "?")))) -> ATTENZIONE: Vettore non associato | AZ90: =IF(AM90=1, "Città OK", "ATTENZIONE: CAP non presente") -> Città OK | BA90: ATTENZIONE: Giorno congruo presa vettore | BB90: =_xlfn.CONCAT(AW90," - ",AX90," - ",AY90," - ",AZ90," - ","Data: ",BA90) -> ATTENZIONE: Data produzione non pianificata - Data cons. rich. INSERITA - ATTENZIONE: Vettore non associato - Città OK - Data: ATTENZIONE: Giorno congruo presa vettore
A91: S | B91: 131 | C91: 531 | D91: 800 | E91: 45945 | F91: 2383 | G91: GOLOSI DI SALUTE SRL | H91: PPAPG4/P11 | I91: 1830052/P11 | J91: PASTA PISTACCHIO CALIFORNIA | K91: 1000 | M91: 1000 | O91: 46001 | P91: CURRO' TRASPORTI SRL | Q91: 8 | R91: 10 | S91: P11 | T91: Non evaso | U91: DDP | V91: VETTORE | W91: GOLOSI DI SALUTE SRL | X91: 12066 MONTICELLO D'ALB | Y91: 5 | Z91: PASTE | AA91: 870 | AB91: PISTACCHIO | AC91: 235 | AD91: 5 | AE91: PRODOTTI DI BARTOLO | AF91: 1 | AG91: PRODOTTO FINITO | AH91: 2 | AJ91: A 2500364 | AK91: 45943 | AL91: No | AM91: 1 | AQ91: =_xlfn.CONCAT(C91,"/",D91) -> 531/800 | AR91: =IF(D91=0,"DA CONTRATTO","SPOT") -> SPOT | AS91: =IF(AD91=5,"P","C") -> P | AT91: =VLOOKUP(S91,'FILE PALLETTIZZAZIONI DB SRL'!B:H,5,FALSE) -> 2 | AU91: =TEXT(N91,"gggg") -> sabato | AV91: =WEEKNUM(N91) -> 0 | AW91: =IF(AND(ISBLANK(N91),AS91="P"), "ATTENZIONE: Data produzione non pianificata", IF(AND(ISBLANK(N91),AS91="C"), "ATTENZIONE: Data arrivo merce acquisti non presente", IF(O91-N91>=AP91, "Data sped. utile INSERITA", "ATTENZIONE: GG. resa non adeguati"))) -> ATTENZIONE: Data produzione non pianificata | AX91: =IF(ISBLANK(O91), "ATTENZIONE: Data non inserita", IF(O91<=param!B2, "ATTENZIONE: Ritardo, Avvertire il cliente", "Data cons. rich. INSERITA")) -> Data cons. rich. INSERITA | AY91: =IF(OR(ISBLANK(AP91),ISBLANK(AH91)), "ATTENZIONE: Vettore non associato", IF(V91="VETTORE", "Tipo spedizione: VETTORE", IF(V91="DESTINATARIO", "Tipo spedizione: DESTINATARIO", IF(ISBLANK(V91), "ATTENZIONE: Vettore vuoto", "?")))) -> ATTENZIONE: Vettore non associato | AZ91: =IF(AM91=1, "Città OK", "ATTENZIONE: CAP non presente") -> Città OK | BA91: ATTENZIONE: Giorno congruo presa vettore | BB91: =_xlfn.CONCAT(AW91," - ",AX91," - ",AY91," - ",AZ91," - ","Data: ",BA91) -> ATTENZIONE: Data produzione non pianificata - Data cons. rich. INSERITA - ATTENZIONE: Vettore non associato - Città OK - Data: ATTENZIONE: Giorno congruo presa vettore
A92: S | B92: 134 | C92: 559 | D92: 800 | E92: 45967 | F92: 2452 | G92: AUSTRALIANSIAN FOOD GROUP TRADING AS ICE PETERS ICE CREAM | H92: GRPST51225/G23 | I92: 60066429/G23 | J92: Pistachio Diced 2-4mm T 20kg | K92: 160 | M92: 160 | N92: 45971 | O92: 45981 | S92: G23 | T92: Non evaso | U92: EXW OUR WAREHOUSE | V92: DESTINATARIO | Y92: 5 | Z92: GRANELLE | AA92: 208 | AB92: PISTACCHI SGUSCIATI TOSTAT | AC92: 120 | AD92: 5 | AE92: PRODOTTI DI BARTOLO | AF92: 1 | AG92: PRODOTTO FINITO | AJ92: 2071431 | AK92: 45964 | AL92: ? | AM92: 0 | AN92: mercoledì | AP92: 3 | AQ92: =_xlfn.CONCAT(C92,"/",D92) -> 559/800 | AR92: =IF(D92=0,"DA CONTRATTO","SPOT") -> SPOT | AS92: =IF(AD92=5,"P","C") -> P | AT92: =VLOOKUP(S92,'FILE PALLETTIZZAZIONI DB SRL'!B:H,5,FALSE) -> 32 | AU92: =TEXT(N92,"gggg") -> lunedì | AV92: =WEEKNUM(N92) -> 46 | AW92: =IF(AND(ISBLANK(N92),AS92="P"), "ATTENZIONE: Data produzione non pianificata", IF(AND(ISBLANK(N92),AS92="C"), "ATTENZIONE: Data arrivo merce acquisti non presente", IF(O92-N92>=AP92, "Data sped. utile INSERITA", "ATTENZIONE: GG. resa non adeguati"))) -> Data sped. utile INSERITA | AX92: =IF(ISBLANK(O92), "ATTENZIONE: Data non inserita", IF(O92<=param!B2, "ATTENZIONE: Ritardo, Avvertire il cliente", "Data cons. rich. INSERITA")) -> Data cons. rich. INSERITA | AY92: =IF(OR(ISBLANK(AP92),ISBLANK(AH92)), "ATTENZIONE: Vettore non associato", IF(V92="VETTORE", "Tipo spedizione: VETTORE", IF(V92="DESTINATARIO", "Tipo spedizione: DESTINATARIO", IF(ISBLANK(V92), "ATTENZIONE: Vettore vuoto", "?")))) -> ATTENZIONE: Vettore non associato | AZ92: =IF(AM92=1, "Città OK", "ATTENZIONE: CAP non presente") -> ATTENZIONE: CAP non presente | BA92: ATTENZIONE: Giorno congruo presa vettore | BB92: =_xlfn.CONCAT(AW92," - ",AX92," - ",AY92," - ",AZ92," - ","Data: ",BA92) -> Data sped. utile INSERITA - Data cons. rich. INSERITA - ATTENZIONE: Vettore non associato - ATTENZIONE: CAP non presente - Data: ATTENZIONE: Giorno congruo presa vettore
A93: S | B93: 135 | C93: 560 | D93: 800 | E93: 45967 | F93: 2452 | G93: AUSTRALIANSIAN FOOD GROUP TRADING AS ICE PETERS ICE CREAM | H93: GRPST51225/G23 | I93: 60066429/G23 | J93: Pistachio Diced 2-4mm T 20kg | K93: 3200 | M93: 3200 | O93: 46027 | S93: G23 | T93: Non evaso | U93: EXW OUR WAREHOUSE | V93: DESTINATARIO | Y93: 5 | Z93: GRANELLE | AA93: 208 | AB93: PISTACCHI SGUSCIATI TOSTAT | AC93: 120 | AD93: 5 | AE93: PRODOTTI DI BARTOLO | AF93: 1 | AG93: PRODOTTO FINITO | AJ93: 2071432 | AK93: 45964 | AL93: ? | AM93: 0 | AN93: mercoledì | AP93: 3 | AQ93: =_xlfn.CONCAT(C93,"/",D93) -> 560/800 | AR93: =IF(D93=0,"DA CONTRATTO","SPOT") -> SPOT | AS93: =IF(AD93=5,"P","C") -> P | AT93: =VLOOKUP(S93,'FILE PALLETTIZZAZIONI DB SRL'!B:H,5,FALSE) -> 32 | AU93: =TEXT(N93,"gggg") -> sabato | AV93: =WEEKNUM(N93) -> 0 | AW93: =IF(AND(ISBLANK(N93),AS93="P"), "ATTENZIONE: Data produzione non pianificata", IF(AND(ISBLANK(N93),AS93="C"), "ATTENZIONE: Data arrivo merce acquisti non presente", IF(O93-N93>=AP93, "Data sped. utile INSERITA", "ATTENZIONE: GG. resa non adeguati"))) -> ATTENZIONE: Data produzione non pianificata | AX93: =IF(ISBLANK(O93), "ATTENZIONE: Data non inserita", IF(O93<=param!B2, "ATTENZIONE: Ritardo, Avvertire il cliente", "Data cons. rich. INSERITA")) -> Data cons. rich. INSERITA | AY93: =IF(OR(ISBLANK(AP93),ISBLANK(AH93)), "ATTENZIONE: Vettore non associato", IF(V93="VETTORE", "Tipo spedizione: VETTORE", IF(V93="DESTINATARIO", "Tipo spedizione: DESTINATARIO", IF(ISBLANK(V93), "ATTENZIONE: Vettore vuoto", "?")))) -> ATTENZIONE: Vettore non associato | AZ93: =IF(AM93=1, "Città OK", "ATTENZIONE: CAP non presente") -> ATTENZIONE: CAP non presente | BA93: ATTENZIONE: Giorno congruo presa vettore | BB93: =_xlfn.CONCAT(AW93," - ",AX93," - ",AY93," - ",AZ93," - ","Data: ",BA93) -> ATTENZIONE: Data produzione non pianificata - Data cons. rich. INSERITA - ATTENZIONE: Vettore non associato - ATTENZIONE: CAP non presente - Data: ATTENZIONE: Giorno congruo presa vettore
A94: S | B94: 137 | C94: 803 | D94: 0 | E94: 45975 | F94: 2458 | G94: S.I.P.A. SPA | H94: GRPST51225/G21 | I94: 032907/G21 | J94: GRANELLA DI PISTACCHIO | K94: 640 | M94: 640 | O94: 45993 | P94: CURRO' TRASPORTI SRL | Q94: 8 | R94: 10 | S94: G21 | T94: Non evaso | U94: DDP | V94: VETTORE | W94: S.I.P.A. SPA | X94: 20098 SAN GIULIANO MIL | Y94: 5 | Z94: GRANELLE | AA94: 208 | AB94: PISTACCHI SGUSCIATI TOSTAT | AC94: 120 | AD94: 5 | AE94: PRODOTTI DI BARTOLO | AF94: 1 | AG94: PRODOTTO FINITO | AH94: 2 | AJ94: F2513047 | AL94: No | AM94: 1 | AQ94: =_xlfn.CONCAT(C94,"/",D94) -> 803/0 | AR94: =IF(D94=0,"DA CONTRATTO","SPOT") -> DA CONTRATTO | AS94: =IF(AD94=5,"P","C") -> P | AT94: =VLOOKUP(S94,'FILE PALLETTIZZAZIONI DB SRL'!B:H,5,FALSE) -> 2 | AU94: =TEXT(N94,"gggg") -> sabato | AV94: =WEEKNUM(N94) -> 0 | AW94: =IF(AND(ISBLANK(N94),AS94="P"), "ATTENZIONE: Data produzione non pianificata", IF(AND(ISBLANK(N94),AS94="C"), "ATTENZIONE: Data arrivo merce acquisti non presente", IF(O94-N94>=AP94, "Data sped. utile INSERITA", "ATTENZIONE: GG. resa non adeguati"))) -> ATTENZIONE: Data produzione non pianificata | AX94: =IF(ISBLANK(O94), "ATTENZIONE: Data non inserita", IF(O94<=param!B2, "ATTENZIONE: Ritardo, Avvertire il cliente", "Data cons. rich. INSERITA")) -> Data cons. rich. INSERITA | AY94: =IF(OR(ISBLANK(AP94),ISBLANK(AH94)), "ATTENZIONE: Vettore non associato", IF(V94="VETTORE", "Tipo spedizione: VETTORE", IF(V94="DESTINATARIO", "Tipo spedizione: DESTINATARIO", IF(ISBLANK(V94), "ATTENZIONE: Vettore vuoto", "?")))) -> ATTENZIONE: Vettore non associato | AZ94: =IF(AM94=1, "Città OK", "ATTENZIONE: CAP non presente") -> Città OK | BA94: ATTENZIONE: Giorno congruo presa vettore | BB94: =_xlfn.CONCAT(AW94," - ",AX94," - ",AY94," - ",AZ94," - ","Data: ",BA94) -> ATTENZIONE: Data produzione non pianificata - Data cons. rich. INSERITA - ATTENZIONE: Vettore non associato - Città OK - Data: ATTENZIONE: Giorno congruo presa vettore
A95: S | B95: 138 | C95: 807 | D95: 0 | E95: 45975 | F95: 2458 | G95: S.I.P.A. SPA | H95: GRPST51225/G21 | I95: 032907/G21 | J95: GRANELLA DI PISTACCHIO | K95: 1240 | M95: 1240 | O95: 46030 | P95: RUSTICO BRUNO | Q95: 8 | R95: 10 | S95: G21 | T95: Non evaso | U95: DDP | V95: VETTORE | W95: S.I.P.A. SPA | X95: 20098 SAN GIULIANO MIL | Y95: 5 | Z95: GRANELLE | AA95: 208 | AB95: PISTACCHI SGUSCIATI TOSTAT | AC95: 120 | AD95: 5 | AE95: PRODOTTI DI BARTOLO | AF95: 1 | AG95: PRODOTTO FINITO | AH95: 1 | AJ95: F2513048 | AL95: No | AM95: 1 | AN95: martedì | AO95: venerdì | AP95: 5 | AQ95: =_xlfn.CONCAT(C95,"/",D95) -> 807/0 | AR95: =IF(D95=0,"DA CONTRATTO","SPOT") -> DA CONTRATTO | AS95: =IF(AD95=5,"P","C") -> P | AT95: =VLOOKUP(S95,'FILE PALLETTIZZAZIONI DB SRL'!B:H,5,FALSE) -> 2 | AU95: =TEXT(N95,"gggg") -> sabato | AV95: =WEEKNUM(N95) -> 0 | AW95: =IF(AND(ISBLANK(N95),AS95="P"), "ATTENZIONE: Data produzione non pianificata", IF(AND(ISBLANK(N95),AS95="C"), "ATTENZIONE: Data arrivo merce acquisti non presente", IF(O95-N95>=AP95, "Data sped. utile INSERITA", "ATTENZIONE: GG. resa non adeguati"))) -> ATTENZIONE: Data produzione non pianificata | AX95: =IF(ISBLANK(O95), "ATTENZIONE: Data non inserita", IF(O95<=param!B2, "ATTENZIONE: Ritardo, Avvertire il cliente", "Data cons. rich. INSERITA")) -> Data cons. rich. INSERITA | AY95: =IF(OR(ISBLANK(AP95),ISBLANK(AH95)), "ATTENZIONE: Vettore non associato", IF(V95="VETTORE", "Tipo spedizione: VETTORE", IF(V95="DESTINATARIO", "Tipo spedizione: DESTINATARIO", IF(ISBLANK(V95), "ATTENZIONE: Vettore vuoto", "?")))) -> Tipo spedizione: VETTORE | AZ95: =IF(AM95=1, "Città OK", "ATTENZIONE: CAP non presente") -> Città OK | BA95: ATTENZIONE: Giorno congruo presa vettore | BB95: =_xlfn.CONCAT(AW95," - ",AX95," - ",AY95," - ",AZ95," - ","Data: ",BA95) -> ATTENZIONE: Data produzione non pianificata - Data cons. rich. INSERITA - Tipo spedizione: VETTORE - Città OK - Data: ATTENZIONE: Giorno congruo presa vettore
A96: S | B96: 139 | C96: 810 | D96: 0 | E96: 45975 | F96: 2458 | G96: S.I.P.A. SPA | H96: PPAPG2/P11 | I96: 055503/P11 | J96: PASTA PISTACCHIO PURA ESTERA S | K96: 1500 | M96: 1500 | O96: 46031 | P96: RUSTICO BRUNO | Q96: 8 | R96: 10 | S96: P11 | T96: Non evaso | U96: DDP | V96: VETTORE | W96: S.I.P.A. SPA | X96: 20098 SAN GIULIANO MIL | Y96: 5 | Z96: PASTE | AA96: 870 | AB96: PISTACCHIO | AC96: 235 | AD96: 5 | AE96: PRODOTTI DI BARTOLO | AF96: 1 | AG96: PRODOTTO FINITO | AH96: 1 | AJ96: F2513126 | AL96: No | AM96: 1 | AN96: martedì | AO96: venerdì | AP96: 5 | AQ96: =_xlfn.CONCAT(C96,"/",D96) -> 810/0 | AR96: =IF(D96=0,"DA CONTRATTO","SPOT") -> DA CONTRATTO | AS96: =IF(AD96=5,"P","C") -> P | AT96: =VLOOKUP(S96,'FILE PALLETTIZZAZIONI DB SRL'!B:H,5,FALSE) -> 2 | AU96: =TEXT(N96,"gggg") -> sabato | AV96: =WEEKNUM(N96) -> 0 | AW96: =IF(AND(ISBLANK(N96),AS96="P"), "ATTENZIONE: Data produzione non pianificata", IF(AND(ISBLANK(N96),AS96="C"), "ATTENZIONE: Data arrivo merce acquisti non presente", IF(O96-N96>=AP96, "Data sped. utile INSERITA", "ATTENZIONE: GG. resa non adeguati"))) -> ATTENZIONE: Data produzione non pianificata | AX96: =IF(ISBLANK(O96), "ATTENZIONE: Data non inserita", IF(O96<=param!B2, "ATTENZIONE: Ritardo, Avvertire il cliente", "Data cons. rich. INSERITA")) -> Data cons. rich. INSERITA | AY96: =IF(OR(ISBLANK(AP96),ISBLANK(AH96)), "ATTENZIONE: Vettore non associato", IF(V96="VETTORE", "Tipo spedizione: VETTORE", IF(V96="DESTINATARIO", "Tipo spedizione: DESTINATARIO", IF(ISBLANK(V96), "ATTENZIONE: Vettore vuoto", "?")))) -> Tipo spedizione: VETTORE | AZ96: =IF(AM96=1, "Città OK", "ATTENZIONE: CAP non presente") -> Città OK | BA96: ATTENZIONE: Giorno congruo presa vettore | BB96: =_xlfn.CONCAT(AW96," - ",AX96," - ",AY96," - ",AZ96," - ","Data: ",BA96) -> ATTENZIONE: Data produzione non pianificata - Data cons. rich. INSERITA - Tipo spedizione: VETTORE - Città OK - Data: ATTENZIONE: Giorno congruo presa vettore

Sheet planner-acquisti
A1: Sel. | B1: Progr. | C1: Nr. ord. | D1: Ser. | E1: Data ordine | F1: Cod. | G1: Ragione sociale | H1: Articolo | I1: Cod. Cliente | J1: Descrizione art. cliente | K1: Qta/kg OV | L1: Qta/kg evasa | M1: Qta/kg da ev. | N1: Data sped. utile | O1: Data cons. rich. | P1: Desc. vett. | Q1: T-MIN | R1: T-MAX | S1: CONF | T1: Stato ordine | U1: Desc. Porto | V1: Desc Tipo Sp | W1: Descrizione | X1: Citta' | Y1: Gruppo | Z1: Descrizione famiglia | AA1: Sottofamigli | AB1: Descrizione sottofam | AC1: Famiglia | AD1: Gruppo | AE1: Desc gr/sgru | AF1: TIP.PROD. | AG1: Des.inf.stat | AH1: Codice vettore | AI1: Dt. Scad. | AJ1: Num Vs Ord | AK1: Data scadenza Contratto | AL1: Estero | AM1: CAP | AN1: giorno ritiro 1 | AO1: giorno ritiro 2 | AP1: resa | AQ1: Num DOC | AR1: provenienza | AS1: P/C | AT1: tot Pallet | AU1: giorno | AV1: No settimana | AW1: Check Data sped. utile
A2: S | B2: 1 | C2: 557 | D2: 800 | E2: 45964 | F2: 58 | G2: ELAH DUFOUR S.P.A. | H2: MSGTT3436/G21 | I2: 21906/ G21 | J2: MANDORLE SGUSCIATE TOSTATE CAL. 34/36 QUAL. TUONO | K2: 6400 | M2: 6400 | O2: 45991 | P2: TRASPORTI RECUPERO SRL | Q2: 8 | R2: 10 | S2: G21 | T2: Non evaso | U2: DDP | V2: VETTORE | W2: ELAH DUFOUR S.P.A. | X2: 15067 NOVI LIGURE (AL) | Y2: 5 | Z2: MANDORLE | AA2: 978 | AB2: SGUSCIATE TOSTATE | AC2: 180 | AD2: 5 | AE2: PRODOTTI DI BARTOLO | AF2: 1 | AG2: PRODOTTO FINITO | AH2: 70 | AJ2: OA-25-3199 | AK2: 45981 | AL2: No | AM2: 1 | AQ2: 557/800 | AR2: SPOT | AS2: P | AT2: 2 | AU2: sabato | AV2: 0 | AW2: ATTENZIONE: Data produzione non pianificata
A3: S | B3: 2 | C3: 802 | D3: 0 | E3: 45975 | F3: 64 | G3: BARATTI & MILANO SRL | H3: GRPP40224/GP22 | I3: B21924/GP22 | J3: GRANELLA DI PISTACCHI PRALINATA ARTIG. 407 CAL.2/4 | K3: 3072 | M3: 3072 | O3: 46001 | P3: TRASPORTI RECUPERO SRL | Q3: 8 | R3: 10 | S3: GP22 | T3: Non evaso | U3: DDP | V3: VETTORE | W3: BARATTI & MILANO SRL | X3: 12042 BRA CN | Y3: 5 | Z3: GRANELLE PRALINATE | AA3: 216 | AB3: PISTACCHI | AC3: 125 | AD3: 5 | AE3: PRODOTTI DI BARTOLO | AF3: 1 | AG3: PRODOTTO FINITO | AH3: 70 | AJ3: 802/OP | AL3: No | AM3: 1 | AQ3: 802/0 | AR3: DA CONTRATTO | AS3: P | AT3: 2 | AU3: sabato | AV3: 0 | AW3: ATTENZIONE: Data produzione non pianificata
A4: S | B4: 3 | C4: 563 | D4: 800 | E4: 45972 | F4: 64 | G4: BARATTI & MILANO SRL | H4: PMPT2071/P11 | I4: B21905/P11 | J4: PASTA DI MANDORLE PELATE TOSTATE B21905 | K4: 1000 | M4: 1000 | O4: 46001 | P4: RUSTICO BRUNO | Q4: 8 | R4: 10 | S4: P11 | T4: Non evaso | U4: DDP | V4: VETTORE | W4: BARATTI & MILANO SRL | X4: 12042 BRA CN | Y4: 5 | Z4: PASTE | AA4: 213 | AB4: MANDORLE | AC4: 235 | AD4: 5 | AE4: PRODOTTI DI BARTOLO | AF4: 1 | AG4: PRODOTTO FINITO | AH4: 1 | AJ4: 563/OP | AK4: 45982 | AL4: No | AM4: 1 | AN4: martedì | AO4: venerdì | AP4: 5 | AQ4: 563/800 | AR4: SPOT | AS4: P | AT4: 2 | AU4: sabato | AV4: 0 | AW4: ATTENZIONE: Data produzione non pianificata
A5: S | B5: 4 | C5: 244 | D5: 0 | E5: 45713 | F5: 113 | G5: SIGEL GELATI S.R.L. | H5: MPMPT212/CT20 | I5: MPT212/CT20 | J5: MANDORLE PELATE TOSTATE CAL. 34/36 | K5: 640 | M5: 640 | P5: RUSTICO BRUNO | Q5: 8 | R5: 10 | S5: CT20 | T5: Non evaso | U5: DDP | V5: VETTORE | W5: SIGEL GELATI S.R.L. | X5: 91025 MARSALA TP | Y5: 4 | Z5: MANDORLE | AA5: 830 | AB5: PELATE TOSTATE | AC5: 180 | AD5: 4 | AE5: PRODOTTI COMMERCIALIZZATI | AF5: 1 | AG5: PRODOTTO FINITO | AH5: 1 | AJ5: EMAIL 11/02/25 | AL5: No | AM5: 1 | AN5: martedì | AO5: venerdì | AP5: 5 | AQ5: 244/0 | AR5: DA CONTRATTO | AS5: C | AT5: 1 | AU5: sabato | AV5: 0 | AW5: ATTENZIONE: Data arrivo merce acquisti non presente
A6: S | B6: 5 | C6: 266 | D6: 0 | E6: 45715 | F6: 113 | G6: SIGEL GELATI S.R.L. | H6: MPMPT212/CT20 | I6: MPT212/CT20 | J6: MANDORLE PELATE TOSTATE CAL. 34/36 | K6: 640 | M6: 640 | P6: RUSTICO BRUNO | Q6: 8 | R6: 10 | S6: CT20 | T6: Non evaso | U6: DDP | V6: VETTORE | W6: SIGEL GELATI S.R.L. | X6: 91025 MARSALA TP | Y6: 4 | Z6: MANDORLE | AA6: 830 | AB6: PELATE TOSTATE | AC6: 180 | AD6: 4 | AE6: PRODOTTI COMMERCIALIZZATI | AF6: 1 | AG6: PRODOTTO FINITO | AH6: 1 | AJ6: EMAIL 11/02/25 | AL6: No | AM6: 1 | AN6: martedì | AO6: venerdì | AP6: 5 | AQ6: 266/0 | AR6: DA CONTRATTO | AS6: C | AT6: 1 | AU6: sabato | AV6: 0 | AW6: ATTENZIONE: Data arrivo merce acquisti non presente
A7: S | B7: 6 | C7: 768 | D7: 0 | E7: 45958 | F7: 284 | G7: LA SUISSA S.R.L. | H7: MPGRMPT50625SAL/B500 | I7: AFR753010/B500 | J7: Granella di Mandorle Pel Tost Sal E Grande | K7: 0.5 | M7: 0.5 | O7: 45980 | P7: TRASPORTI RECUPERO SRL | Q7: 8 | R7: 10 | S7: BSV500 | T7: Evaso parzialmente | U7: DDP | V7: VETTORE | W7: LA SUISSA | X7: 15061 ARQUATA SCRIVIA | Y7: 4 | Z7: GRANELLE | AA7: 199 | AB7: MANDORLE PELATE TOSTATE | AC7: 120 | AD7: 4 | AE7: PRODOTTI COMMERCIALIZZATI | AF7: 1 | AG7: PRODOTTO FINITO | AH7: 70 | AJ7: LCO2501058 | AL7: No | AM7: 1 | AQ7: 768/0 | AR7: DA CONTRATTO | AS7: C | AT7: #N/A | AU7: sabato | AV7: 0 | AW7: ATTENZIONE: Data arrivo merce acquisti non presente
A8: S | B8: 7 | C8: 770 | D8: 0 | E8: 45958 | F8: 284 | G8: LA SUISSA S.R.L. | H8: MPGRMPT50825SAL/G21 | I8: AFR753110/G21 | J8: Granella di Mandorle Pel. Tostate Salate IT Grande | K8: 640 | L8: 340 | M8: 300 | O8: 45986 | P8: CURRO' TRASPORTI SRL | Q8: 8 | R8: 10 | S8: G21 | T8: Evaso parzialmente | U8: DDP | V8: VETTORE | W8: LA SUISSA | X8: 15061 ARQUATA SCRIVIA | Y8: 4 | Z8: GRANELLE | AA8: 199 | AB8: MANDORLE PELATE TOSTATE | AC8: 120 | AD8: 4 | AE8: PRODOTTI COMMERCIALIZZATI | AF8: 1 | AG8: PRODOTTO FINITO | AH8: 2 | AJ8: LCO2501060 | AL8: No | AM8: 1 | AQ8: 770/0 | AR8: DA CONTRATTO | AS8: C | AT8: 2 | AU8: sabato | AV8: 0 | AW8: ATTENZIONE: Data arrivo merce acquisti non presente
A9: S | B9: 8 | C9: 770 | D9: 0 | E9: 45958 | F9: 284 | G9: LA SUISSA S.R.L. | H9: MPGRMPT50825SAL/B500 | I9: AFR753110/BSV500 | J9: Granella di Mandorle Pel. Tostate Salate IT Grande | K9: 0.5 | M9: 0.5 | O9: 45986 | P9: CURRO' TRASPORTI SRL | Q9: 8 | R9: 10 | S9: BSV500 | T9: Evaso parzialmente | U9: DDP | V9: VETTORE | W9: LA SUISSA | X9: 15061 ARQUATA SCRIVIA | Y9: 4 | Z9: GRANELLE | AA9: 199 | AB9: MANDORLE PELATE TOSTATE | AC9: 120 | AD9: 4 | AE9: PRODOTTI COMMERCIALIZZATI | AF9: 1 | AG9: PRODOTTO FINITO | AH9: 2 | AJ9: LCO2501060 | AL9: No | AM9: 1 | AQ9: 770/0 | AR9: DA CONTRATTO | AS9: C | AT9: #N/A | AU9: sabato | AV9: 0 | AW9: ATTENZIONE: Data arrivo merce acquisti non presente
A10: S | B10: 9 | C10: 796 | D10: 0 | E10: 45972 | F10: 284 | G10: LA SUISSA S.R.L. | H10: GRPM41368/GP22 | I10: AFR753112/GP22 | J10: GRANELLA DI MANDORLA SGUSCIATE PRALINATE 6-8 MM | K10: 1296 | M10: 1296 | N10: 45996 | O10: 46003 | P10: RUSTICO BRUNO | Q10: 8 | R10: 10 | S10: GP22 | T10: Non evaso | U10: DDP | V10: VETTORE | W10: LA SUISSA | X10: 15061 ARQUATA SCRIVIA | Y10: 5 | Z10: GRANELLE PRALINATE | AA10: 213 | AB10: MANDORLE | AC10: 125 | AD10: 5 | AE10: PRODOTTI DI BARTOLO | AF10: 1 | AG10: PRODOTTO FINITO | AH10: 1 | AJ10: LCO2501152 | AL10: No | AM10: 1 | AN10: martedì | AO10: venerdì | AP10: 5 | AQ10: 796/0 | AR10: DA CONTRATTO | AS10: P | AT10: 2 | AU10: venerdì | AV10: 49 | AW10: Data sped. utile INSERITA
A11: S | B11: 10 | C11: 796 | D11: 0 | E11: 45972 | F11: 284 | G11: LA SUISSA S.R.L. | H11: GRPM41368/BSV500 | I11: AFR753112/BSV500 | J11: GRANELLA DI MANDORLA SGUSCIATE PRALINATE 6-8 MM | K11: 0.5 | M11: 0.5 | N11: 45996 | O11: 46003 | P11: RUSTICO BRUNO | Q11: 8 | R11: 10 | S11: BSV500 | T11: Non evaso | U11: DDP | V11: VETTORE | W11: LA SUISSA | X11: 15061 ARQUATA SCRIVIA | Y11: 5 | Z11: GRANELLE PRALINATE | AA11: 213 | AB11: MANDORLE | AC11: 125 | AD11: 5 | AE11: PRODOTTI DI BARTOLO | AF11: 1 | AG11: PRODOTTO FINITO | AH11: 1 | AJ11: LCO2501152 | AL11: No | AM11: 1 | AN11: martedì | AO11: venerdì | AP11: 5 | AQ11: 796/0 | AR11: DA CONTRATTO | AS11: P | AT11: #N/A | AU11: venerdì | AV11: 49 | AW11: Data sped. utile INSERITA
A12: S | B12: 11 | C12: 797 | D12: 0 | E12: 45972 | F12: 284 | G12: LA SUISSA S.R.L. | H12: MPGRMPT50825SAL/G21 | I12: AFR753110/G21 | J12: Granella di Mandorle Pel. Tostate Salate IT Grande | K12: 640 | M12: 640 | O12: 46001 | P12: CURRO' TRASPORTI SRL | Q12: 8 | R12: 10 | S12: G21 | T12: Non evaso | U12: DDP | V12: VETTORE | W12: LA SUISSA | X12: 15061 ARQUATA SCRIVIA | Y12: 4 | Z12: GRANELLE | AA12: 199 | AB12: MANDORLE PELATE TOSTATE | AC12: 120 | AD12: 4 | AE12: PRODOTTI COMMERCIALIZZATI | AF12: 1 | AG12: PRODOTTO FINITO | AH12: 2 | AJ12: LCO2501153 | AL12: No | AM12: 1 | AQ12: 797/0 | AR12: DA CONTRATTO | AS12: C | AT12: 2 | AU12: sabato | AV12: 0 | AW12: ATTENZIONE: Data arrivo merce acquisti non presente
A13: S | B13: 12 | C13: 797 | D13: 0 | E13: 45972 | F13: 284 | G13: LA SUISSA S.R.L. | H13: MPGRMPT50825SAL/B500 | I13: AFR753110/BSV500 | J13: Granella di Mandorle Pel. Tostate Salate IT Grande | K13: 0.5 | M13: 0.5 | O13: 46001 | P13: CURRO' TRASPORTI SRL | Q13: 8 | R13: 10 | S13: BSV500 | T13: Non evaso | U13: DDP | V13: VETTORE | W13: LA SUISSA | X13: 15061 ARQUATA SCRIVIA | Y13: 4 | Z13: GRANELLE | AA13: 199 | AB13: MANDORLE PELATE TOSTATE | AC13: 120 | AD13: 4 | AE13: PRODOTTI COMMERCIALIZZATI | AF13: 1 | AG13: PRODOTTO FINITO | AH13: 2 | AJ13: LCO2501153 | AL13: No | AM13: 1 | AQ13: 797/0 | AR13: DA CONTRATTO | AS13: C | AT13: #N/A | AU13: sabato | AV13: 0 | AW13: ATTENZIONE: Data arrivo merce acquisti non presente
A14: S | B14: 13 | C14: 798 | D14: 0 | E14: 45972 | F14: 284 | G14: LA SUISSA S.R.L. | H14: GRPSTS51125SAL/G21 | I14: AFR753111/G21 | J14: Granella di Pistacchi Sg. Tostati Salati IT Grande | K14: 640 | M14: 640 | N14: 45996 | O14: 46001 | P14: CURRO' TRASPORTI SRL | Q14: 8 | R14: 10 | S14: G21 | T14: Non evaso | U14: DDP | V14: VETTORE | W14: LA SUISSA | X14: 15061 ARQUATA SCRIVIA | Y14: 5 | Z14: GRANELLE | AA14: 208 | AB14: PISTACCHI SGUSCIATI TOSTAT | AC14: 120 | AD14: 5 | AE14: PRODOTTI DI BARTOLO | AF14: 1 | AG14: PRODOTTO FINITO | AH14: 2 | AJ14: LCO2501154 | AL14: No | AM14: 1 | AQ14: 798/0 | AR14: DA CONTRATTO | AS14: P | AT14: 2 | AU14: venerdì | AV14: 49 | AW14: Data sped. utile INSERITA
